CodigoPLU,CodigoFLU,OperadoraSigla
471000,10300000,COHIDRO
368001,11400000,COHIDRO
269001,11444900,COHIDRO
367000,11500000,COHIDRO
468003,12150000,COHIDRO
467002,12210000,COHIDRO
773002,12420000,CONSTRUFAM-LoteB
772005,12510500,CONSTRUFAM-LoteB
771001,12530000,CONSTRUFAM-LoteB
770001,12540000,CONSTRUFAM-LoteC
669003,12550000,CONSTRUFAM-LoteC
870001,12600001,CONSTRUFAM-LoteB
870003,12640000,CONSTRUFAM-LoteB
870002,12650000,CONSTRUFAM-LoteB
770000,12680000,CONSTRUFAM-LoteC
466001,12840000,COHIDRO
366000,12842000,COHIDRO
169000,12845000,COHIDRO
465000,12880000,COHIDRO
364004,12900001,COHIDRO
563000,13100000,COHIDRO
463005,13150003,CPRM-SUREG-MA
968003,13300000,CPRM-SUREG-PV
969001,13405000,CONSTRUFAM-LoteB
968001,13410000,CPRM-SUREG-PV
1069000,13450000,CPRM-SUREG-PV
1067005,13568000,CPRM-SUREG-PV
1068004,13572000,CPRM-SUREG-PV
1067006,13578000,CPRM-SUREG-PV
967001,13650000,CONSTRUFAM-LoteC
767002,13740000,CONSTRUFAM-LoteC
664001,13880000,CONSTRUFAM-LoteC
360006,14101000,CPRM-SUREG-MA
67002,14325000,CPRM-SUREG-MA
65001,14400000,CPRM-SUREG-MA
8063001,14428000,CPRM-SUREG-MA
62002,14480002,CPRM-SUREG-MA
8361006,14495000,CPRM-SUREG-MA
8360002,14515000,CPRM-SUREG-MA
8359005,14527000,CPRM-SUREG-MA
8460001,14530000,CPRM-SUREG-MA
8560000,14540000,CPRM-SUREG-MA
8360008,14558000,CPRM-SUREG-MA
8261000,14680001,CPRM-SUREG-MA
8260004,14690000,CPRM-SUREG-MA
8161001,14710000,CPRM-SUREG-MA
359008,15031000,CPRM-SUREG-MA
359004,15035000,CPRM-SUREG-MA
1262000,15150000,CPRM-SUREG-PV
1065002,15250000,CPRM-SUREG-PV
965005,15326000,CPRM-SUREG-PV
863016,15490000,CPRM-SUREG-PV
863004,15550000,CPRM-SUREG-PV
1160002,15552600,CPRM-SUREG-PV
1161001,15558000,CPRM-SUREG-PV
1161008,15558200,CPRM-SUREG-PV
1161004,15559000,CPRM-SUREG-PV
1062006,15564000,CPRM-SUREG-PV
1062001,15565000,CPRM-SUREG-PV
862000,15580000,CPRM-SUREG-PV
761003,15680000,CONSTRUFAM-LoteC
460002,15860000,CONSTRUFAM-LoteC
359001,15940000,CPRM-SUREG-MA
159000,16080000,CPRM-SUREG-MA
259006,16100000,CPRM-SUREG-MA
158004,16205000,CPRM-SUREG-MA
57001,16430000,CPRM-SUREG-BE
157003,16500000,CPRM-SUREG-BE
157000,16650000,CPRM-SUREG-BE
156004,16661000,CPRM-SUREG-BE
156000,16800000,CPRM-SUREG-BE
155003,17050001,CPRM-SUREG-BE
655003,17680000,UFC-Altamira
456004,17710000,UFC-Altamira
53001,18295000,CPRM-SUREG-BE
1154005,18422000,UFC-Cuiaba
1252000,18428000,UFC-Cuiaba
1052001,18435000,UFC-Cuiaba
651004,18460000,CPRM-SUREG-BE
352000,18850000,CPRM-SUREG-BE
252002,18936000,CPRM-SUREG-BE
251002,18938001,CPRM-SUREG-BE
152000,18950003,CPRM-SUREG-BE
52010,19152500,CPRM-SUREG-BE
1549009,20200000,CPRM-SUREG-GO
1547095,21210000,CPRM-SUREG-GO
1248013,22050001,CPRM-SUREG-GO
948001,22900000,CPRM-SUREG-GO
647000,23600000,CPRM-SUREG-GO
547004,23700000,CPRM-SUREG-GO
1552000,24700000,CPRM-SUREG-GO
1551005,24850000,CPRM-SUREG-GO
1550004,25090000,CPRM-SUREG-GO
1550006,25100000,CPRM-SUREG-GO
949005,27110000,CPRM-SUREG-GO
849007,27500000,CPRM-SUREG-GO
750003,27540000,CPRM-SUREG-BE
748008,28200000,CPRM-SUREG-GO
549013,29050000,CPRM-SUREG-BE
649004,29070100,CPRM-SUREG-BE
349006,29750000,CPRM-SUREG-BE
8351006,30050000,CPRM-SUREG-BE
148021,31645000,CPRM-SUREG-BE
247000,31700000,CPRM-SUREG-BE
146013,32350000,CPRM-SUREG-BE
445001,33080000,CPRM-SUREG-TE
440091,33286000,CPRM-SUREG-TE
444029,33290000,CPRM-SUREG-TE
644018,33430000,CPRM-SUREG-TE
644022,33480000,CPRM-SUREG-TE
945017,34010000,CPRM-SUREG-TE
945011,34020000,CPRM-SUREG-TE
845007,34040500,CPRM-SUREG-TE
744013,34070000,CPRM-SUREG-TE
844012,34080000,CPRM-SUREG-TE
944006,34233000,CPRM-SUREG-TE
643013,34311000,CPRM-SUREG-TE
642017,34340000,CPRM-SUREG-TE
642018,34479000,CPRM-SUREG-TE
541014,34751000,CPRM-SUREG-TE
542024,34789000,CPRM-SUREG-TE
442021,34820000,CPRM-SUREG-TE
442019,34933000,CPRM-SUREG-TE
442020,34936000,CPRM-SUREG-TE
340137,35255000,CPRM-SUREG-FO
440043,35258000,CPRM-SUREG-FO
340134,35260000,CPRM-SUREG-FO
340125,35283000,CPRM-SUREG-FO
639095,36125000,CPRM-SUREG-FO
639094,36130000,CPRM-SUREG-FO
639044,36160000,CPRM-SUREG-FO
738063,36260000,CPRM-SUREG-FO
538087,36580000,CPRM-SUREG-FO
537068,36615000,CPRM-SUREG-FO
437037,36628000,CPRM-SUREG-FO
638100,37030000,CPRM-SUREG-RE
538070,37050000,CPRM-SUREG-RE
537008,37080000,CPRM-SUREG-RE
537036,37084000,CPRM-SUREG-RE
537037,37090000,CPRM-SUREG-RE
537034,37150000,CPRM-SUREG-RE
537019,37185000,CPRM-SUREG-RE
638032,37260000,CPRM-SUREG-RE
738058,37320000,CPRM-SUREG-RE
637074,37380000,CPRM-SUREG-RE
637075,37412000,CPRM-SUREG-RE
637061,37413000,CPRM-SUREG-RE
637050,37470000,CPRM-SUREG-RE
636045,37515000,CPRM-SUREG-RE
637039,37559000,CPRM-SUREG-RE
637063,37570000,CPRM-SUREG-RE
637062,37604000,CPRM-SUREG-RE
536048,37610000,CPRM-SUREG-RE
536071,37610500,CPRM-SUREG-RE
536064,37710150,CPRM-SUREG-RE
536035,37711000,CPRM-SUREG-RE
536044,37718000,CPRM-SUREG-RE
536063,37750000,CPRM-SUREG-RE
536036,37761000,CPRM-SUREG-RE
736048,38812000,CPRM-SUREG-RE
736062,38830000,CPRM-SUREG-RE
736049,38849000,CPRM-SUREG-RE
735124,38860000,CPRM-SUREG-RE
735172,38865000,CPRM-SUREG-RE
735167,38880000,CPRM-SUREG-RE
735036,38895000,CPRM-SUREG-RE
735170,39081250,CPRM-SUREG-RE
735171,39082800,CPRM-SUREG-RE
735173,39084000,CPRM-SUREG-RE
735174,39084010,CPRM-SUREG-RE
736041,39100000,CPRM-SUREG-RE
836098,39130000,CPRM-SUREG-RE
735067,39140000,CPRM-SUREG-RE
735100,39145000,CPRM-SUREG-RE
735066,39150000,CPRM-SUREG-RE
735169,39160000,CPRM-SUREG-RE
835068,39170000,CPRM-SUREG-RE
835156,39189550,CPRM-SUREG-RE
836043,39310000,CPRM-SUREG-RE
835106,39340000,CPRM-SUREG-RE
835154,39345000,CPRM-SUREG-RE
835153,39360000,CPRM-SUREG-RE
835210,39370100,CPRM-SUREG-RE
835150,39431000,CPRM-SUREG-RE
835155,39433000,CPRM-SUREG-RE
835152,39450000,CPRM-SUREG-RE
835140,39480000,CPRM-SUREG-RE
835144,39540750,CPRM-SUREG-RE
835147,39541000,CPRM-SUREG-RE
835148,39550000,CPRM-SUREG-RE
835146,39571000,CPRM-SUREG-RE
836097,39575000,CPRM-SUREG-RE
835151,39590000,CPRM-SUREG-RE
935062,39620000,CPRM-SUREG-RE
936117,39715000,CPRM-SUREG-RE
936112,39720000,CPRM-SUREG-RE
936113,39740000,CPRM-SUREG-RE
935012,39760000,CPRM-SUREG-RE
936119,39800000,CPRM-SUREG-RE
936111,39860000,CPRM-SUREG-RE
935057,39900000,CPRM-SUREG-RE
936125,39950000,CPRM-SUREG-RE
936126,39970000,CPRM-SUREG-RE
2044007,40680000,CPRM-SUREG-BH
2044033,40710000,CPRM-SUREG-BH
1845005,41075001,CPRM-SUREG-BH
1744052,41135000,CPRM-SUREG-BH
2043056,41151000,CPRM-SUREG-BH
2043060,41180000,CPRM-SUREG-BH
2043016,41195050,CPRM-SUREG-BH
2043128,41199998,CPRM-SUREG-BH
1943148,41200430,CPRM-SUREG-BH
1943010,41210000,CPRM-SUREG-BH
1844001,41818000,CPRM-SUREG-BH
1844018,41940000,CPRM-SUREG-BH
1744053,42145498,CPRM-SUREG-BH
1746019,42251000,CPRM-SUREG-BH
1647009,42454000,CPRM-SUREG-GO
1647008,42460000,CPRM-SUREG-BH
1745020,42850000,CPRM-SUREG-BH
1546010,43300000,CPRM-SUREG-BH
1546000,43429998,CPRM-SUREG-BH
1643026,44350000,CPRM-SUREG-BH
1643043,44900000,CPRM-SUREG-BH
1144014,46610000,CPRM-SUREG-SA
1143025,46870000,CPRM-SUREG-SA
1143027,46998000,CPRM-SUREG-SA
838031,48840000,CPRM-SUREG-RE
937023,49330000,CPRM-SUREG-SA
937049,49480050,CPRM-SUREG-RE
1037091,50169500,CPRM-SUREG-SA
1140048,50430000,CPRM-SUREG-SA
1238158,50785000,CPRM-SUREG-SA
1439107,52760000,CPRM-SUREG-SA
1542028,53460500,CPRM-SUREG-SA
1542027,53470000,CPRM-SUREG-SA
1540004,53650000,CPRM-SUREG-SA
1540023,53780000,CPRM-SUREG-SA
1743002,54010005,CPRM-SUREG-BH
1642014,54110002,CPRM-SUREG-BH
1642007,54150000,CPRM-SUREG-BH
1743018,54225000,CPRM-SUREG-BH
1842026,54234000,CPRM-SUREG-BH
1742022,54260000,CPRM-SUREG-BH
1742020,54485000,CPRM-SUREG-BH
1642001,54500000,CPRM-SUREG-BH
1640012,55330000,CPRM-SUREG-BH
1740006,55360000,CPRM-SUREG-BH
1840019,55920000,CPRM-SUREG-BH
2043010,56028000,CPRM-SUREG-BH
2043026,56055000,CPRM-SUREG-BH
2043014,56075000,CPRM-SUREG-BH
2042073,56083000,CPRM-SUREG-BH
2042008,56484998,CPRM-SUREG-BH
1943100,56661000,CPRM-SUREG-BH
1842004,56860000,CPRM-SUREG-BH
1841001,56891900,CPRM-SUREG-BH
2041048,56960005,CPRM-SUREG-BH
1941000,56988500,CPRM-SUREG-BH
1941006,56989400,CPRM-SUREG-BH
1941010,56990000,CPRM-SUREG-BH
1941008,56991500,CPRM-SUREG-BH
1940004,56998200,CPRM-SUREG-BH
2040001,57230000,CPRM-SUREG-BH
2041019,57400000,CPRM-SUREG-BH
2041016,57420000,CPRM-SUREG-BH
2041003,57450000,CPRM-SUREG-BH
2041141,57750000,CPRM-SUREG-SP
2245248,58204000,CPRM-SUREG-SP
2243014,58434000,CPRM-SUREG-SP
2143070,58480500,CPRM-SUREG-SP
2143013,58610000,CPRM-SUREG-SP
2242028,58630002,CPRM-SUREG-SP
2142007,58670002,CPRM-SUREG-SP
2142158,58680001,CPRM-SUREG-SP
2143001,58730001,CPRM-SUREG-SP
2142001,58770000,CPRM-SUREG-SP
2242009,58805000,CPRM-SUREG-SP
2242437,58846000,CPRM-SUREG-SP
2141099,58850000,CPRM-SUREG-SP
2141005,58880001,CPRM-SUREG-SP
2042000,58930000,CPRM-SUREG-SP
2141002,58974000,CPRM-SUREG-SP
1846007,60010000,CPRM-SUREG-BH
1847003,60110000,CPRM-SUREG-BH
1946004,60265000,CPRM-SUREG-BH
1948006,60381000,CPRM-SUREG-BH
1547098,60472235,CPRM-SUREG-GO
1647027,60478480,CPRM-SUREG-GO
1547080,60478482,CPRM-SUREG-GO
1547081,60478493,CPRM-SUREG-GO
1649038,60640000,CPRM-SUREG-GO
1649037,60650000,CPRM-SUREG-GO
1750001,60750000,CPRM-SUREG-GO
1750000,60765000,CPRM-SUREG-GO
1750041,60772000,CPRM-SUREG-GO
1750008,60785005,CPRM-SUREG-GO
1949002,60850000,CPRM-SUREG-BH
1752003,60910000,CPRM-SUREG-GO
1950011,60925001,CPRM-SUREG-BH
1951012,60968000,CPRM-SUREG-GO
2244065,61014000,IGAM-MG
2245073,61271000,IGAM-MG
2245000,61305000,IGAM-MG
2245086,61370000,IGAM-MG
2145001,61460000,IGAM-MG
2245065,61484000,IGAM-MG
2145020,61520000,IGAM-MG
2147190,61834000,CONSTRUFAM-SP
2246175,62584600,CPRM-SUREG-SP
2247055,62615000,CONSTRUFAM-SP
2346446,62655800,CPRM-SUREG-SP
2246174,62663800,CPRM-SUREG-SP
2152023,63970000,CPRM-SUREG-GO
2348037,64040000,CONSTRUFAM-SP
2349063,64242000,IAT-PR
2349033,64360000,IAT-PR
2350062,64380000,IAT-PR
2350066,64501000,IAT-PR
2252010,64550000,IAT-PR
2550000,64619000,IAT-PR
2451006,64652000,IAT-PR
2352010,64675002,IAT-PR
2452001,64785000,IAT-PR
2453001,64795000,IAT-PR
2453043,64799500,IAT-PR
2353002,64810000,IAT-PR
2649016,65095000,IAT-PR
2549061,65136550,IAT-PR
2652009,65945000,IAT-PR
2653069,65950200,IAT-PR
1757001,66120000,CPRM-SUREG-GO
1757003,66125000,CPRM-SUREG-GO
1556020,66270000,CPRM-SUREG-GO
1656001,66340000,CPRM-SUREG-GO
1655001,66460000,CPRM-SUREG-GO
1755003,66600000,CPRM-SUREG-GO
1756003,66750000,CPRM-SUREG-GO
1857003,66810000,CPRM-SUREG-GO
1957010,66825000,CPRM-SUREG-GO
1854006,66849000,CPRM-SUREG-GO
1957003,66895000,CPRM-SUREG-GO
2750003,71350001,CPRM-SUREG-PA
2651081,72715000,CPRM-SUREG-PA
2751061,72810000,CPRM-SUREG-PA
2652090,73770000,CPRM-SUREG-PA
2652088,73820000,CPRM-SUREG-PA
2752059,73960000,CPRM-SUREG-PA
2753052,74295000,CPRM-SUREG-PA
2754023,74720000,CPRM-SUREG-PA
2854030,75230000,CPRM-SUREG-PA
3054026,76300000,CPRM-SUREG-PA
3056003,77500000,CPRM-SUREG-PA
3057002,77590000,CPRM-SUREG-PA
3154010,79200000,CPRM-SUREG-PA
2449008,81139500,IAT-PR
2449000,81200000,IAT-PR
2447042,81530000,CONSTRUFAM-SP
2548099,82009800,IAT-PR
2648033,82270050,EPAGRI-SC
2649013,82320000,EPAGRI-SC
2649068,82549000,EPAGRI-SC
2750035,83040000,EPAGRI-SC
2749055,83130000,EPAGRI-SC
2749002,83250000,EPAGRI-SC
2649086,83360000,EPAGRI-SC
2749001,83440000,EPAGRI-SC
2649004,83677000,EPAGRI-SC
2648038,83840000,EPAGRI-SC
2748095,84095500,EPAGRI-SC
2849008,84551000,EPAGRI-SC
2849002,84560000,EPAGRI-SC
2849024,84853000,EPAGRI-SC
2949024,84990000,EPAGRI-SC
2952059,85900000,CPRM-SUREG-PA
2850047,86160000,CPRM-SUREG-PA
2951092,86472000,CPRM-SUREG-PA
2951070,86510000,CPRM-SUREG-PA
2951143,87170000,CPRM-SUREG-PA
2950102,87317030,CPRM-SUREG-PA
2951141,87382000,CPRM-SUREG-PA
2950099,87399000,CPRM-SUREG-PA
3051045,87460200,CPRM-SUREG-PA
469001,10100000,CPRM-SUREG-MA
572000,10200000,COHIDRO
470002,10500000,COHIDRO
470009,10910000,COHIDRO
568001,12100000,COHIDRO
468004,12180000,COHIDRO
367001,12240000,COHIDRO
266005,12351000,COHIDRO
972000,12360000,CONSTRUFAM-LoteB
872000,12370000,CONSTRUFAM-LoteB
872001,12390000,CONSTRUFAM-LoteB
772004,12500000,CONSTRUFAM-LoteB
772003,12510000,CONSTRUFAM-LoteB
771000,12520000,CONSTRUFAM-LoteC
870004,12590000,CONSTRUFAM-LoteB
166000,12850000,COHIDRO
165000,12872000,COHIDRO
364002,12873000,COHIDRO
869000,13180000,CPRM-SUREG-PV
968005,13310000,CPRM-SUREG-PV
1069005,13439000,CPRM-SUREG-PV
1168001,13470000,CPRM-SUREG-PV
1068005,13540000,CPRM-SUREG-PV
1068000,13550000,CPRM-SUREG-PV
967003,13600002,CPRM-SUREG-PV
867001,13700000,CONSTRUFAM-LoteC
867004,13710001,CONSTRUFAM-LoteC
766001,13750000,CONSTRUFAM-LoteC
764004,13870000,CONSTRUFAM-LoteC
764003,13885000,CONSTRUFAM-LoteC
664000,13886000,CONSTRUFAM-LoteC
563002,13910000,CONSTRUFAM-LoteC
462002,13955000,CONSTRUFAM-LoteC
462001,13962000,CPRM-SUREG-MA
360001,14100000,CPRM-SUREG-MA
8166000,14110000,CPRM-SUREG-MA
8167000,14230000,CPRM-SUREG-MA
8067001,14250000,CPRM-SUREG-MA
8068000,14280001,CPRM-SUREG-MA
8069003,14300000,CPRM-SUREG-MA
66002,14330000,CPRM-SUREG-MA
65002,14421000,CPRM-SUREG-MA
8062000,14440000,CPRM-SUREG-MA
8361007,14489000,CPRM-SUREG-MA
8360003,14500000,CPRM-SUREG-MA
8359000,14526000,CPRM-SUREG-MA
8359002,14526500,CPRM-SUREG-MA
8360000,14550000,CPRM-SUREG-MA
8260005,14620000,CPRM-SUREG-MA
61000,14790000,CPRM-SUREG-MA
161002,14840000,CPRM-SUREG-MA
8060000,14845000,CPRM-SUREG-MA
60000,14850000,CPRM-SUREG-MA
162002,14855000,CPRM-SUREG-MA
161004,14876000,CPRM-SUREG-MA
261000,14880000,CPRM-SUREG-MA
260006,14900050,CPRM-SUREG-MA
260009,14941000,CPRM-SUREG-MA
360004,14990000,CPRM-SUREG-MA
259004,15042000,CPRM-SUREG-MA
1559000,15050000,CPRM-SUREG-GO
1559006,15120001,CPRM-SUREG-GO
1360004,15124009,CPRM-SUREG-GO
1360002,15130000,CPRM-SUREG-PV
1264000,15200000,CPRM-SUREG-PV
965001,15320002,CPRM-SUREG-PV
1067002,15324000,CPRM-SUREG-PV
863008,15400000,CPRM-SUREG-PV
963000,15430000,CPRM-SUREG-PV
1063002,15490500,CPRM-SUREG-PV
1061001,15560000,CPRM-SUREG-PV
763001,15630000,CONSTRUFAM-LoteC
762002,15660000,CONSTRUFAM-LoteC
661001,15670000,CONSTRUFAM-LoteC
561001,15700000,CONSTRUFAM-LoteC
1059000,15750000,CPRM-SUREG-GO
760001,15800000,CONSTRUFAM-LoteC
760000,15830000,CONSTRUFAM-LoteC
459000,15900000,CONSTRUFAM-LoteC
658000,15910000,CONSTRUFAM-LoteC
358001,16030000,CPRM-SUREG-MA
157001,16368000,CPRM-SUREG-MA
155000,16900000,CPRM-SUREG-BE
154001,17090000,CPRM-SUREG-BE
1358002,17091000,CPRM-SUREG-GO
1358007,17092800,CPRM-SUREG-GO
1158001,17093000,CPRM-SUREG-GO
1158003,17095000,CPRM-SUREG-GO
1157000,17120000,CPRM-SUREG-GO
1058006,17123000,CPRM-SUREG-GO
1355001,17200000,CPRM-SUREG-GO
1255001,17210000,CPRM-SUREG-GO
1155000,17280000,CPRM-SUREG-GO
1055001,17340000,CPRM-SUREG-GO
1055000,17343000,CPRM-SUREG-GO
954001,17350000,CPRM-SUREG-GO
956001,17380000,CPRM-SUREG-GO
758000,17430000,UFC-Altamira
655004,17675000,UFC-Altamira
455000,17730000,UFC-Altamira
254000,17900000,CPRM-SUREG-BE
154000,18200000,CPRM-SUREG-BE
152005,18390000,CPRM-SUREG-BE
1453000,18409000,UFC-Cuiaba
1353002,18415000,UFC-Cuiaba
1354002,18420000,UFC-Cuiaba
651001,18500000,CPRM-SUREG-BE
654000,18590000,CPRM-SUREG-BE
554000,18650000,CPRM-SUREG-BE
454003,18700000,CPRM-SUREG-BE
8051017,19500000,CPRM-SUREG-BE
350002,19985000,CPRM-SUREG-BE
1549003,20100000,CPRM-SUREG-GO
1447001,21220000,CPRM-SUREG-GO
1346001,21500000,CPRM-SUREG-GO
1346005,21580000,CPRM-SUREG-GO
1248001,22100000,CPRM-SUREG-GO
1147003,22190000,CPRM-SUREG-GO
1147004,22220000,CPRM-SUREG-GO
1148000,22250000,CPRM-SUREG-GO
948000,22500000,CPRM-SUREG-GO
1047000,22680000,CPRM-SUREG-GO
1047001,22700000,CPRM-SUREG-GO
848003,23100000,CPRM-SUREG-GO
847001,23150000,CPRM-SUREG-GO
747001,23250000,CPRM-SUREG-GO
647008,23650000,CPRM-SUREG-TE
1753000,24050000,CPRM-SUREG-GO
1652002,24200000,CPRM-SUREG-GO
1653000,24500000,CPRM-SUREG-GO
1651003,24750000,CPRM-SUREG-GO
1651002,24780000,CPRM-SUREG-GO
1551002,24800000,CPRM-SUREG-GO
1551001,24950000,CPRM-SUREG-GO
1550002,25130000,CPRM-SUREG-GO
1451000,25200000,CPRM-SUREG-GO
1350000,25700000,CPRM-SUREG-GO
1552002,26050000,CPRM-SUREG-GO
1452000,26100000,CPRM-SUREG-GO
1351000,26200000,CPRM-SUREG-GO
1250001,26300000,CPRM-SUREG-GO
1150001,26350000,CPRM-SUREG-GO
1249003,26710000,CPRM-SUREG-GO
1249004,26720000,CPRM-SUREG-GO
1249002,26730000,CPRM-SUREG-GO
1049000,26800000,CPRM-SUREG-GO
849002,27320000,CPRM-SUREG-GO
749000,27550000,CPRM-SUREG-GO
748003,28150000,CPRM-SUREG-GO
648000,28300000,CPRM-SUREG-GO
548000,28850000,CPRM-SUREG-GO
549011,29100000,CPRM-SUREG-BE
549008,29200000,CPRM-SUREG-BE
8251004,30055000,CPRM-SUREG-BE
8251001,30070000,CPRM-SUREG-BE
8150001,30075000,CPRM-SUREG-BE
8151002,30080000,CPRM-SUREG-BE
8052000,30300000,CPRM-SUREG-BE
349001,31020000,CPRM-SUREG-BE
147016,31630000,CPRM-SUREG-BE
146012,32420000,CPRM-SUREG-BE
146005,32450002,CPRM-SUREG-BE
346001,32540000,CPRM-SUREG-BE
247005,32550000,CPRM-SUREG-BE
146008,32620000,CPRM-SUREG-BE
245003,32740000,CPRM-SUREG-BE
245001,32830000,CPRM-SUREG-BE
245007,32850000,CPRM-SUREG-BE
644019,33070000,CPRM-SUREG-TE
446000,33075000,CPRM-SUREG-TE
345006,33190000,CPRM-SUREG-TE
545011,33215000,CPRM-SUREG-TE
545006,33250000,CPRM-SUREG-TE
444008,33260000,CPRM-SUREG-TE
444015,33273000,CPRM-SUREG-TE
444005,33281000,CPRM-SUREG-TE
546008,33321000,CPRM-SUREG-TE
546006,33330000,CPRM-SUREG-TE
445011,33365000,CPRM-SUREG-TE
345000,33380000,CPRM-SUREG-TE
644007,33420000,CPRM-SUREG-TE
644015,33450000,CPRM-SUREG-TE
644012,33460000,CPRM-SUREG-TE
543004,33520000,CPRM-SUREG-TE
543012,33530000,CPRM-SUREG-TE
443003,33550000,CPRM-SUREG-TE
443006,33590000,CPRM-SUREG-TE
443007,33620000,CPRM-SUREG-TE
444001,33630000,CPRM-SUREG-TE
344007,33661000,CPRM-SUREG-TE
344004,33680000,CPRM-SUREG-TE
242003,33700000,CPRM-SUREG-TE
343004,33730000,CPRM-SUREG-TE
343012,33760000,CPRM-SUREG-TE
343001,33770000,CPRM-SUREG-TE
343003,33780000,CPRM-SUREG-TE
745003,34060000,CPRM-SUREG-TE
744011,34090000,CPRM-SUREG-TE
746006,34130000,CPRM-SUREG-TE
745004,34160000,CPRM-SUREG-TE
744000,34170000,CPRM-SUREG-TE
945016,34230000,CPRM-SUREG-TE
844008,34251000,CPRM-SUREG-TE
843010,34261000,CPRM-SUREG-TE
743009,34270000,CPRM-SUREG-TE
741009,34471000,CPRM-SUREG-TE
842014,34564000,CPRM-SUREG-TE
742011,34571000,CPRM-SUREG-TE
742012,34600000,CPRM-SUREG-TE
542023,34620000,CPRM-SUREG-TE
543009,34660000,CPRM-SUREG-TE
542012,34690000,CPRM-SUREG-TE
440005,34730000,CPRM-SUREG-FO
441014,34740000,CPRM-SUREG-TE
541015,34742000,CPRM-SUREG-TE
541002,34750000,CPRM-SUREG-TE
542008,34770000,CPRM-SUREG-TE
342007,34879500,CPRM-SUREG-TE
442005,34930000,CPRM-SUREG-TE
342002,34940000,CPRM-SUREG-TE
341038,34976000,CPRM-SUREG-TE
441018,34979000,CPRM-SUREG-TE
341040,35050000,CPRM-SUREG-FO
340104,35156000,CPRM-SUREG-FO
240015,35205000,CPRM-SUREG-FO
440070,35240000,CPRM-SUREG-FO
440083,35257000,CPRM-SUREG-FO
340064,35275000,CPRM-SUREG-FO
339076,35301000,CPRM-SUREG-FO
340106,35350000,CPRM-SUREG-FO
339000,35370000,CPRM-SUREG-FO
339077,35390000,CPRM-SUREG-FO
339028,35570000,CPRM-SUREG-FO
338014,35668000,CPRM-SUREG-FO
338057,35669100,CPRM-SUREG-FO
438061,35830000,CPRM-SUREG-FO
438097,35871000,CPRM-SUREG-FO
438096,35875500,CPRM-SUREG-FO
438099,35900000,CPRM-SUREG-FO
438022,35950000,CPRM-SUREG-FO
640003,36020000,CPRM-SUREG-FO
639045,36045000,CPRM-SUREG-FO
639073,36070000,CPRM-SUREG-FO
738049,36250000,CPRM-SUREG-FO
638007,36270000,CPRM-SUREG-FO
638014,36290000,CPRM-SUREG-FO
538043,36320000,CPRM-SUREG-FO
538044,36390000,CPRM-SUREG-FO
539037,36470000,CPRM-SUREG-FO
539053,36520000,CPRM-SUREG-FO
538090,36586000,CPRM-SUREG-FO
438098,36630000,CPRM-SUREG-FO
537035,37190000,CPRM-SUREG-RE
737006,37340000,CPRM-SUREG-RE
637064,37410000,CPRM-SUREG-RE
637049,37440000,CPRM-SUREG-RE
536066,37730000,CPRM-SUREG-RE
535054,38129000,CPRM-SUREG-RE
535056,38138000,CPRM-SUREG-RE
535055,38340000,CPRM-SUREG-RE
635078,38500000,CPRM-SUREG-RE
635079,38650000,CPRM-SUREG-RE
735009,38750000,CPRM-SUREG-RE
835048,39187800,CPRM-SUREG-RE
835138,39200000,CPRM-SUREG-RE
836096,39530000,CPRM-SUREG-RE
835149,39540550,CPRM-SUREG-RE
835141,39560000,CPRM-SUREG-RE
835139,39580000,CPRM-SUREG-RE
936120,39689000,CPRM-SUREG-RE
936114,39700000,CPRM-SUREG-RE
935056,39770000,CPRM-SUREG-RE
936121,39852000,CPRM-SUREG-RE
936110,39870000,CPRM-SUREG-RE
1036062,39980000,CPRM-SUREG-RE
2046013,40025000,CPRM-SUREG-BH
2046025,40032000,CPRM-SUREG-BH
2046007,40040000,CPRM-SUREG-BH
2045002,40050000,CPRM-SUREG-BH
1945038,40100000,CPRM-SUREG-BH
2044003,40150000,CPRM-SUREG-BH
1945004,40400000,CPRM-SUREG-BH
2044102,40740000,CPRM-SUREG-BH
1944004,40800001,CPRM-SUREG-BH
2044052,40811100,CPRM-SUREG-BH
1944031,40850000,CPRM-SUREG-BH
1945002,40930000,CPRM-SUREG-BH
1846003,41050000,CPRM-SUREG-BH
1943009,41250000,CPRM-SUREG-BH
1943023,41300000,CPRM-SUREG-BH
1943049,41340000,CPRM-SUREG-BH
1944081,41410000,CPRM-SUREG-BH
1744010,41955000,CPRM-SUREG-BH
1744009,41990000,CPRM-SUREG-BH
1645009,42210000,CPRM-SUREG-BH
1746002,42395000,CPRM-SUREG-BH
1746017,42440000,CPRM-SUREG-BH
1547039,42450100,CPRM-SUREG-GO
1547040,42450300,CPRM-SUREG-GO
1547044,42450350,CPRM-SUREG-GO
1547041,42450400,CPRM-SUREG-GO
1547042,42450750,CPRM-SUREG-GO
1646001,42490000,CPRM-SUREG-BH
1646000,42600000,CPRM-SUREG-BH
1745001,42860000,CPRM-SUREG-BH
1645024,42940000,CPRM-SUREG-BH
1645007,42980000,CPRM-SUREG-BH
1645000,43200000,CPRM-SUREG-BH
1645003,43980002,CPRM-SUREG-BH
1544012,44200000,CPRM-SUREG-BH
1443001,44500000,CPRM-SUREG-BH
1643042,44630500,CPRM-SUREG-BH
1643044,44634500,CPRM-SUREG-BH
1543025,44640000,CPRM-SUREG-BH
1543002,44670000,CPRM-SUREG-BH
1543013,44909000,CPRM-SUREG-BH
1442032,44960000,CPRM-SUREG-BH
1444000,45131000,CPRM-SUREG-BH
1444017,45170001,CPRM-SUREG-BH
1444005,45210000,CPRM-SUREG-BH
1444001,45220000,CPRM-SUREG-BH
1443002,45298000,CPRM-SUREG-BH
1344014,45590000,CPRM-SUREG-SA
1344025,45710000,CPRM-SUREG-SA
1345003,45760000,CPRM-SUREG-SA
1344016,45770000,CPRM-SUREG-SA
1344013,45840000,CPRM-SUREG-SA
1344015,45880000,CPRM-SUREG-SA
1344017,45910001,CPRM-SUREG-SA
1343008,45960001,CPRM-SUREG-SA
1243000,46035000,CPRM-SUREG-SA
1242019,46110000,CPRM-SUREG-SA
1243011,46150000,CPRM-SUREG-SA
1242016,46295000,CPRM-SUREG-SA
1143002,46360000,CPRM-SUREG-SA
1245007,46415000,CPRM-SUREG-SA
1245005,46455000,CPRM-SUREG-SA
1244019,46490000,CPRM-SUREG-SA
1245017,46530000,CPRM-SUREG-SA
1245004,46543000,CPRM-SUREG-SA
1244011,46550000,CPRM-SUREG-SA
1244021,46555000,CPRM-SUREG-SA
1145013,46570000,CPRM-SUREG-SA
1145014,46590000,CPRM-SUREG-SA
1144005,46675000,CPRM-SUREG-SA
1145004,46770000,CPRM-SUREG-SA
1145001,46790000,CPRM-SUREG-SA
1144027,46830000,CPRM-SUREG-SA
1143010,46902000,CPRM-SUREG-SA
1042012,47249000,CPRM-SUREG-SA
1040028,47900000,CPRM-SUREG-SA
940024,48020000,CPRM-SUREG-SA
839035,48290000,CPRM-SUREG-SA
839013,48400000,CPRM-SUREG-RE
839014,48430000,CPRM-SUREG-RE
839009,48460000,CPRM-SUREG-RE
839034,48498000,CPRM-SUREG-RE
839031,48590000,CPRM-SUREG-SA
737027,48830000,CPRM-SUREG-RE
838021,48860000,CPRM-SUREG-RE
837053,49100000,CPRM-SUREG-RE
837038,49160000,CPRM-SUREG-RE
937018,49370000,CPRM-SUREG-SA
937031,49480000,CPRM-SUREG-RE
937032,49490000,CPRM-SUREG-RE
937040,49600000,CPRM-SUREG-RE
936076,49660000,CPRM-SUREG-RE
1036048,49705000,CPRM-SUREG-SA
1036005,49740000,CPRM-SUREG-SA
1038023,50146000,CPRM-SUREG-SA
1037007,50191000,CPRM-SUREG-SA
1137017,50230000,CPRM-SUREG-SA
1137027,50290000,CPRM-SUREG-SA
1040026,50380000,CPRM-SUREG-SA
1140016,50420000,CPRM-SUREG-SA
1140032,50439000,CPRM-SUREG-SA
1140033,50455000,CPRM-SUREG-SA
1039019,50465000,CPRM-SUREG-SA
1138026,50520000,CPRM-SUREG-SA
1138014,50540000,CPRM-SUREG-SA
1137043,50595000,CPRM-SUREG-SA
1237000,50660000,CPRM-SUREG-SA
1238000,50795000,CPRM-SUREG-SA
1241033,51108000,CPRM-SUREG-SA
1241008,51120000,CPRM-SUREG-SA
1241017,51140000,CPRM-SUREG-SA
1241026,51170000,CPRM-SUREG-SA
1241001,51230000,CPRM-SUREG-SA
1240012,51240000,CPRM-SUREG-SA
1240016,51280000,CPRM-SUREG-SA
1239007,51350000,CPRM-SUREG-SA
1339034,51560000,CPRM-SUREG-SA
1339030,51650000,CPRM-SUREG-SA
1339038,51795000,CPRM-SUREG-SA
1339027,51820000,CPRM-SUREG-SA
1339044,51890000,CPRM-SUREG-SA
1341046,52020000,CPRM-SUREG-SA
1341029,52199000,CPRM-SUREG-SA
1441000,52270000,CPRM-SUREG-SA
1440032,52404000,CPRM-SUREG-SA
1340003,52570000,CPRM-SUREG-SA
1439014,52680000,CPRM-SUREG-SA
1439006,52790000,CPRM-SUREG-SA
1539008,53130000,CPRM-SUREG-SA
1541013,53540001,CPRM-SUREG-SA
1541001,53620000,CPRM-SUREG-SA
1540003,53630000,CPRM-SUREG-SA
1539014,53880000,CPRM-SUREG-SA
1539010,53950000,CPRM-SUREG-SA
1642026,54165000,CPRM-SUREG-BH
1642008,54193000,CPRM-SUREG-BH
1642002,54200000,CPRM-SUREG-BH
1742008,54230000,CPRM-SUREG-BH
1642013,54390000,CPRM-SUREG-BH
1742025,54430000,CPRM-SUREG-BH
1641001,54580000,CPRM-SUREG-BH
1641007,54590000,CPRM-SUREG-BH
1641002,54710000,CPRM-SUREG-BH
1641012,54730005,CPRM-SUREG-BH
1640001,54770000,CPRM-SUREG-BH
1640000,54780000,CPRM-SUREG-BH
1539006,54950000,CPRM-SUREG-BH
1739005,55340000,CPRM-SUREG-BH
1739022,55380000,CPRM-SUREG-BH
1740005,55460000,CPRM-SUREG-BH
1739020,55490000,CPRM-SUREG-BH
1741001,55520001,CPRM-SUREG-BH
1741003,55560000,CPRM-SUREG-BH
1740000,55630000,CPRM-SUREG-BH
1740026,55660000,CPRM-SUREG-BH
1840009,55800005,CPRM-SUREG-BH
1840020,55850000,CPRM-SUREG-BH
1840004,55900000,CPRM-SUREG-BH
1840026,55960000,CPRM-SUREG-BH
2042018,56110005,CPRM-SUREG-BH
2043011,56240000,CPRM-SUREG-BH
2043027,56337000,CPRM-SUREG-BH
2042016,56385000,CPRM-SUREG-BH
2042011,56415000,CPRM-SUREG-BH
2042031,56425000,CPRM-SUREG-BH
2042010,56500000,CPRM-SUREG-BH
1943001,56610000,CPRM-SUREG-BH
1942030,56719998,CPRM-SUREG-BH
1943003,56775000,CPRM-SUREG-BH
1841020,56850000,CPRM-SUREG-BH
1841003,56851000,CPRM-SUREG-BH
1942048,56924500,CPRM-SUREG-BH
1942008,56935000,CPRM-SUREG-BH
1941019,56989001,CPRM-SUREG-BH
1941003,56992000,CPRM-SUREG-BH
1940016,56998400,CPRM-SUREG-BH
2040010,57130000,CPRM-SUREG-BH
2040045,57170000,CPRM-SUREG-BH
2041018,57350000,CPRM-SUREG-BH
2041013,57360000,CPRM-SUREG-BH
2041002,57490000,CPRM-SUREG-BH
2040006,57580000,CPRM-SUREG-BH
2041005,57700000,CPRM-SUREG-SP
2041014,57720000,CPRM-SUREG-SP
2041001,57740000,CPRM-SUREG-SP
2141016,57770000,CPRM-SUREG-SP
2141014,57830000,CPRM-SUREG-SP
2141015,57880000,CPRM-SUREG-SP
2245055,58030000,CPRM-SUREG-SP
2345065,58040000,CPRM-SUREG-SP
2345067,58060000,CPRM-SUREG-SP
2345071,58099000,CPRM-SUREG-SP
2345204,58110002,CPRM-SUREG-SP
2245048,58183000,CPRM-SUREG-SP
2244001,58235100,CPRM-SUREG-SP
2244043,58287000,CPRM-SUREG-SP
2244041,58305001,CPRM-SUREG-SP
2243159,58315100,CPRM-SUREG-SP
2243003,58380001,CPRM-SUREG-SP
2243012,58405000,CPRM-SUREG-SP
2242027,58420000,CPRM-SUREG-SP
2243016,58425000,CPRM-SUREG-SP
2143020,58470000,CPRM-SUREG-SP
2143021,58520000,CPRM-SUREG-SP
2244038,58530000,CPRM-SUREG-SP
2244036,58535000,CPRM-SUREG-SP
2243008,58585000,CPRM-SUREG-SP
2242029,58645000,CPRM-SUREG-SP
2142014,58648001,CPRM-SUREG-SP
2143017,58720000,CPRM-SUREG-SP
2142000,58735000,CPRM-SUREG-SP
2143022,58750000,CPRM-SUREG-SP
2143018,58755000,CPRM-SUREG-SP
2142006,58765001,CPRM-SUREG-SP
2142077,58788050,CPRM-SUREG-SP
2142067,58790002,CPRM-SUREG-SP
2141007,58795000,CPRM-SUREG-SP
2242021,58827000,CPRM-SUREG-SP
2141006,58874000,CPRM-SUREG-SP
2142004,58910000,CPRM-SUREG-SP
2142009,58917000,CPRM-SUREG-SP
2142002,58920000,CPRM-SUREG-SP
2042027,58934000,CPRM-SUREG-SP
2141004,58940000,CPRM-SUREG-SP
2141003,58960000,CPRM-SUREG-SP
2241003,59100000,CPRM-SUREG-SP
2242004,59125000,CPRM-SUREG-SP
2242003,59135000,CPRM-SUREG-SP
2244135,59355000,CPRM-SUREG-SP
2344007,59380000,CPRM-SUREG-SP
1847010,60145000,CPRM-SUREG-BH
1847001,60150000,CPRM-SUREG-BH
2047037,60220000,CPRM-SUREG-BH
1946007,60250000,CPRM-SUREG-BH
1848004,60615000,CPRM-SUREG-BH
1649006,60635000,CPRM-SUREG-GO
1849016,60680000,CPRM-SUREG-GO
1749001,60715000,CPRM-SUREG-GO
1751004,60774000,CPRM-SUREG-GO
1750004,60781000,CPRM-SUREG-GO
1750003,60790000,CPRM-SUREG-GO
1850003,60798000,CPRM-SUREG-GO
1850001,60810000,CPRM-SUREG-GO
1948005,60835000,CPRM-SUREG-BH
1849000,60845000,CPRM-SUREG-BH
1949006,60855000,CPRM-SUREG-BH
1850002,60870000,CPRM-SUREG-GO
1852001,60930000,CPRM-SUREG-GO
1851001,60940000,CPRM-SUREG-GO
1951000,60950000,CPRM-SUREG-GO
1951001,60970000,CPRM-SUREG-GO
2144001,61009000,IGAM-MG
2144007,61012000,IGAM-MG
2144018,61024000,IGAM-MG
2144025,61031000,IGAM-MG
2144022,61045000,IGAM-MG
2144019,61052000,IGAM-MG
2144021,61060000,IGAM-MG
2144006,61075000,IGAM-MG
2144005,61078000,IGAM-MG
2143005,61085000,IGAM-MG
2143006,61090000,IGAM-MG
2143008,61100000,IGAM-MG
2144009,61105000,IGAM-MG
2144024,61122000,IGAM-MG
2144023,61135000,IGAM-MG
2144000,61140000,IGAM-MG
2145007,61173000,CPRM-SUREG-BH
2245064,61267000,IGAM-MG
2245087,61280000,IGAM-MG
2245083,61285000,IGAM-MG
2245070,61295000,IGAM-MG
2245011,61320000,IGAM-MG
2245066,61350000,IGAM-MG
2244068,61429000,IGAM-MG
2144004,61473000,IGAM-MG
2145008,61500000,IGAM-MG
2145003,61510000,IGAM-MG
2145024,61530000,IGAM-MG
2146029,61565000,CPRM-SUREG-BH
2246047,61800500,CPRM-SUREG-BH
2146026,61815000,CPRM-SUREG-BH
2146001,61826000,CONSTRUFAM-SP
2246056,61861000,CPRM-SUREG-BH
2246052,61865000,CPRM-SUREG-BH
2247054,61886000,CONSTRUFAM-SP
2146013,61895000,CONSTRUFAM-SP
2148028,61912000,CONSTRUFAM-SP
2347057,62395000,CONSTRUFAM-SP
2247058,62420000,CONSTRUFAM-SP
2347059,62478000,CONSTRUFAM-SP
2347060,62490000,CONSTRUFAM-SP
2246023,62625000,CONSTRUFAM-SP
2346094,62665000,CONSTRUFAM-SP
2346095,62670000,CONSTRUFAM-SP
1953004,63001200,CPRM-SUREG-GO
2052006,63003100,CPRM-SUREG-GO
1953000,63250000,CPRM-SUREG-GO
2052002,63350100,CPRM-SUREG-GO
2053000,63900001,CPRM-SUREG-GO
2053004,63930000,CPRM-SUREG-GO
2154002,63950010,CPRM-SUREG-GO
2154008,63950100,CPRM-SUREG-GO
2153005,63950250,CPRM-SUREG-GO
2153002,63950300,CPRM-SUREG-GO
2350067,64506000,IAT-PR
2350057,64508500,IAT-PR
2254001,64609000,CPRM-SUREG-GO
2254004,64610000,CPRM-SUREG-GO
2154000,64613000,CPRM-SUREG-GO
2253015,64618000,CPRM-SUREG-GO
2451003,64625000,IAT-PR
2451017,64645000,IAT-PR
2451002,64655000,IAT-PR
2451020,64659000,IAT-PR
2351066,64660500,IAT-PR
2352002,64673000,IAT-PR
2354000,64717000,CPRM-SUREG-GO
2355002,64723000,CPRM-SUREG-GO
2452055,64771500,IAT-PR
2452000,64775000,IAT-PR
2453000,64830000,IAT-PR
2454046,64843000,IAT-PR
2549017,65010000,IAT-PR
2549093,65025000,IAT-PR
2650000,65180000,IAT-PR
2651004,65365000,IAT-PR
2652015,65925000,IAT-PR
2653024,65948000,IAT-PR
1456003,66006000,CPRM-SUREG-GO
1557001,66010000,CPRM-SUREG-GO
1657003,66070004,CPRM-SUREG-GO
1558005,66072000,CPRM-SUREG-GO
1657002,66090000,CPRM-SUREG-GO
1655002,66280000,CPRM-SUREG-GO
1656004,66360000,CPRM-SUREG-GO
1756000,66370000,CPRM-SUREG-GO
1654000,66450001,CPRM-SUREG-GO
1656003,66470000,CPRM-SUREG-GO
1754000,66520000,CPRM-SUREG-GO
1756001,66650000,CPRM-SUREG-GO
1756004,66710000,CPRM-SUREG-GO
1857001,66800000,CPRM-SUREG-GO
1854004,66870000,CPRM-SUREG-GO
2056003,66900000,CPRM-SUREG-GO
2056001,66910000,CPRM-SUREG-GO
2055002,66941000,CPRM-SUREG-GO
2055007,66945000,CPRM-SUREG-GO
1957006,66960008,CPRM-SUREG-GO
1957004,66970000,CPRM-SUREG-GO
2157006,67030000,CPRM-SUREG-GO
2157004,67100000,CPRM-SUREG-GO
2257001,67170000,CPRM-SUREG-GO
2849023,70100000,CPRM-SUREG-PA
2850006,70200000,CPRM-SUREG-PA
2850004,70500000,CPRM-SUREG-PA
2749031,71200000,CPRM-SUREG-PA
2749009,71300000,CPRM-SUREG-PA
2750009,71498000,CPRM-SUREG-PA
2652001,73300000,CPRM-SUREG-PA
2652000,73600000,CPRM-SUREG-PA
2653007,73900000,CPRM-SUREG-PA
2753019,74100000,CPRM-SUREG-PA
2753004,74205000,CPRM-SUREG-PA
2653004,74320000,CPRM-SUREG-PA
2753050,74329000,CPRM-SUREG-PA
2653030,74424500,CPRM-SUREG-PA
2753009,74470000,CPRM-SUREG-PA
2754001,74500000,CPRM-SUREG-PA
2754009,74700000,CPRM-SUREG-PA
2755001,74800000,CPRM-SUREG-PA
2853010,75155000,CPRM-SUREG-PA
2853003,75200000,CPRM-SUREG-PA
2954036,75450000,CPRM-SUREG-PA
2855002,75500000,CPRM-SUREG-PA
2855001,75550000,CPRM-SUREG-PA
2855004,75700000,CPRM-SUREG-PA
2856006,75780000,CPRM-SUREG-PA
2956005,75900000,CPRM-SUREG-PA
3054002,76251000,CPRM-SUREG-PA
3054007,76310000,CPRM-SUREG-PA
2954007,76440000,CPRM-SUREG-PA
2954004,76460000,CPRM-SUREG-PA
2955008,76560000,CPRM-SUREG-PA
2955013,76750000,CPRM-SUREG-PA
2956006,76800000,CPRM-SUREG-PA
2957003,77150000,CPRM-SUREG-PA
3154006,79400000,CPRM-SUREG-PA
2346106,80200000,CONSTRUFAM-SP
2449063,81102000,IAT-PR
2449020,81120000,IAT-PR
2449007,81125000,IAT-PR
2449006,81135000,IAT-PR
2448036,81335000,IAT-PR
2448017,81350000,CONSTRUFAM-SP
2347062,81450000,CONSTRUFAM-SP
2447045,81580000,CONSTRUFAM-SP
2447097,81595000,CONSTRUFAM-SP
2447043,81600000,CONSTRUFAM-SP
2447044,81630000,CONSTRUFAM-SP
2447046,81679000,CONSTRUFAM-SP
2448097,81710000,CONSTRUFAM-SP
2649037,82350000,EPAGRI-SC
2648034,82769800,EPAGRI-SC
2750034,83029900,EPAGRI-SC
2750014,83030000,EPAGRI-SC
2650036,83035000,EPAGRI-SC
2749003,83050000,EPAGRI-SC
2749037,83105000,EPAGRI-SC
2749039,83300200,EPAGRI-SC
2649001,83520000,EPAGRI-SC
2649003,83660000,EPAGRI-SC
2649008,83675000,EPAGRI-SC
2649005,83690000,EPAGRI-SC
2649007,83800002,EPAGRI-SC
2648002,83880000,EPAGRI-SC
2749046,83892990,EPAGRI-SC
2749045,83892998,EPAGRI-SC
2748001,84071000,EPAGRI-SC
2748002,84095000,EPAGRI-SC
2748005,84100000,EPAGRI-SC
2748004,84150100,EPAGRI-SC
2849001,84249998,EPAGRI-SC
2849028,84300000,EPAGRI-SC
2749012,84520000,EPAGRI-SC
2849031,84520010,EPAGRI-SC
2849030,84559800,EPAGRI-SC
2849000,84580000,EPAGRI-SC
2849027,84580500,EPAGRI-SC
2848000,84600000,EPAGRI-SC
2849006,84820000,EPAGRI-SC
2849044,84949800,EPAGRI-SC
2949001,84970000,CPRM-SUREG-PA
2953008,85400000,CPRM-SUREG-PA
3053004,85480000,CPRM-SUREG-PA
3053017,85610000,CPRM-SUREG-PA
2953037,85642000,CPRM-SUREG-PA
2952034,85730800,CPRM-SUREG-PA
2851022,86480000,CPRM-SUREG-PA
2951010,86720000,CPRM-SUREG-PA
2950050,87150000,CPRM-SUREG-PA
2951022,87160000,CPRM-SUREG-PA
2951027,87168000,CPRM-SUREG-PA
2951081,87230000,CPRM-SUREG-PA
2951080,87270000,CPRM-SUREG-PA
2950068,87374000,CPRM-SUREG-PA
2951139,87380000,CPRM-SUREG-PA
3051038,87540000,CPRM-SUREG-PA
3152011,87905000,CPRM-SUREG-PA
3151002,87915000,CPRM-SUREG-PA
3253018,88260000,CPRM-SUREG-PA
3153022,88575000,CPRM-SUREG-PA
3152013,88641000,CPRM-SUREG-PA
3152016,88850000,CPRM-SUREG-PA
,11200000,COHIDRO
,12400000,CONSTRUFAM-LoteB
,12700000,COHIDRO
,13150000,CPRM-SUREG-MA
,13155000,CPRM-SUREG-MA
,13980000,CPRM-SUREG-MA
,13990000,CPRM-SUREG-MA
,13991000,CPRM-SUREG-MA
,13992000,CPRM-SUREG-MA
,14050000,CPRM-SUREG-MA
,14070000,CPRM-SUREG-MA
,14260000,CPRM-SUREG-MA
,14310000,CPRM-SUREG-MA
,14320001,CPRM-SUREG-MA
,14350000,CPRM-SUREG-MA
,14420000,CPRM-SUREG-MA
,14526400,CPRM-SUREG-MA
,14740000,CPRM-SUREG-MA
,14911000,CPRM-SUREG-MA
,15030000,CPRM-SUREG-MA
,15040000,CPRM-SUREG-MA
,15248010,CPRM-SUREG-PV
,15558500,CPRM-SUREG-PV
,15575000,CPRM-SUREG-PV
,15590000,CPRM-SUREG-PV
,15650000,CONSTRUFAM-LoteC
,15795000,CONSTRUFAM-LoteC
,15828000,CONSTRUFAM-LoteC
,15901000,CPRM-SUREG-MA
,15930000,CONSTRUFAM-LoteC
,15960000,CPRM-SUREG-MA
,16010000,CPRM-SUREG-MA
,16250000,CPRM-SUREG-MA
,16350002,CPRM-SUREG-MA
,16440000,CPRM-SUREG-BE
,16460000,CPRM-SUREG-BE
,17122000,CPRM-SUREG-GO
,17130000,UFC-Cuiaba
,17420000,UFC-Cuiaba
,18250000,UFC-Altamira
,18421000,UFC-Cuiaba
,18480000,CPRM-SUREG-BE
,18600000,CPRM-SUREG-BE
,18880000,UFC-Altamira
,20017000,CPRM-SUREG-GO
,21300000,CPRM-SUREG-GO
,21560000,CPRM-SUREG-GO
,21750000,CPRM-SUREG-GO
,22150000,CPRM-SUREG-GO
,23220000,CPRM-SUREG-GO
,23230000,CPRM-SUREG-GO
,23251000,CPRM-SUREG-GO
,23610000,CPRM-SUREG-GO
,24070000,CPRM-SUREG-GO
,24196000,CPRM-SUREG-GO
,24900000,CPRM-SUREG-GO
,25140000,CPRM-SUREG-GO
,25750000,CPRM-SUREG-GO
,25800000,CPRM-SUREG-GO
,26150000,CPRM-SUREG-GO
,26711000,CPRM-SUREG-GO
,26713000,CPRM-SUREG-GO
,26790000,CPRM-SUREG-GO
,27380000,CPRM-SUREG-GO
,27660000,CPRM-SUREG-BE
,28240000,CPRM-SUREG-GO
,28840000,CPRM-SUREG-GO
,29020000,CPRM-SUREG-BE
,30058000,CPRM-SUREG-BE
,31490000,CPRM-SUREG-BE
,31520000,CPRM-SUREG-BE
,31680000,CPRM-SUREG-BE
,33025000,CPRM-SUREG-TE
,33170000,CPRM-SUREG-TE
,33205000,CPRM-SUREG-TE
,33333000,CPRM-SUREG-TE
,33410000,CPRM-SUREG-TE
,33490000,CPRM-SUREG-TE
,33720000,CPRM-SUREG-TE
,33750000,CPRM-SUREG-TE
,34030000,CPRM-SUREG-TE
,34140000,CPRM-SUREG-TE
,34145000,CPRM-SUREG-TE
,34242500,CPRM-SUREG-TE
,34243500,CPRM-SUREG-TE
,34320000,CPRM-SUREG-TE
,34330000,CPRM-SUREG-TE
,34345000,CPRM-SUREG-TE
,34404000,CPRM-SUREG-TE
,34409000,CPRM-SUREG-TE
,34415000,CPRM-SUREG-TE
,34418000,CPRM-SUREG-TE
,34419000,CPRM-SUREG-TE
,34420000,CPRM-SUREG-TE
,34440000,CPRM-SUREG-TE
,34445000,CPRM-SUREG-TE
,34450000,CPRM-SUREG-TE
,34464000,CPRM-SUREG-TE
,34464100,CPRM-SUREG-TE
,34465000,CPRM-SUREG-TE
,34500000,CPRM-SUREG-TE
,34550000,CPRM-SUREG-TE
,34560200,CPRM-SUREG-TE
,34560800,SEMARH-PI
,34561500,SEMARH-PI
,34563200,CPRM-SUREG-TE
,34563800,CPRM-SUREG-TE
,34700000,CPRM-SUREG-TE
,34701000,CPRM-SUREG-TE
,34710000,CPRM-SUREG-TE
,34750100,CPRM-SUREG-TE
,34760000,CPRM-SUREG-TE
,34775000,CPRM-SUREG-TE
,34846000,CPRM-SUREG-FO
,34912000,CPRM-SUREG-TE
,34915000,CPRM-SUREG-TE
,34941000,CPRM-SUREG-TE
,34943700,CPRM-SUREG-TE
,34948000,CPRM-SUREG-TE
,34977000,CPRM-SUREG-TE
,34978500,CPRM-SUREG-FO
,34979100,CPRM-SUREG-FO
,34980000,CPRM-SUREG-TE
,35125000,CPRM-SUREG-FO
,35170000,CPRM-SUREG-FO
,35210000,CPRM-SUREG-FO
,35223000,CPRM-SUREG-FO
,35235000,CPRM-SUREG-FO
,35370600,CPRM-SUREG-FO
,35640000,CPRM-SUREG-FO
,35740000,CPRM-SUREG-FO
,36210000,CPRM-SUREG-FO
,36220000,CPRM-SUREG-RE
,36386000,CPRM-SUREG-FO
,36515000,CPRM-SUREG-FO
,37010000,CPRM-SUREG-RE
,37020000,CPRM-SUREG-RE
,37025900,CPRM-SUREG-RE
,37027900,CPRM-SUREG-RE
,37029000,CPRM-SUREG-RE
,37031500,CPRM-SUREG-RE
,37031900,CPRM-SUREG-RE
,37044900,CPRM-SUREG-RE
,37047000,CPRM-SUREG-RE
,37049000,CPRM-SUREG-RE
,37049700,CPRM-SUREG-RE
,37052000,CPRM-SUREG-RE
,37052900,CPRM-SUREG-RE
,37062000,CPRM-SUREG-RE
,37062700,CPRM-SUREG-RE
,37063100,CPRM-SUREG-RE
,37064000,CPRM-SUREG-RE
,37067000,CPRM-SUREG-RE
,37075000,CPRM-SUREG-RE
,37075100,CPRM-SUREG-RE
,37141000,CPRM-SUREG-RE
,37142000,CPRM-SUREG-RE
,37144000,CPRM-SUREG-RE
,37145900,CPRM-SUREG-RE
,37146000,CPRM-SUREG-RE
,37146900,CPRM-SUREG-RE
,37147100,CPRM-SUREG-RE
,37211000,CPRM-SUREG-RE
,37212000,CPRM-SUREG-RE
,37217100,CPRM-SUREG-RE
,37220000,CPRM-SUREG-RE
,37230100,CPRM-SUREG-RE
,37235100,CPRM-SUREG-RE
,37236500,CPRM-SUREG-RE
,37238100,CPRM-SUREG-RE
,37249500,CPRM-SUREG-RE
,37253000,CPRM-SUREG-RE
,37257000,CPRM-SUREG-RE
,37290000,CPRM-SUREG-RE
,37295000,CPRM-SUREG-RE
,37297000,CPRM-SUREG-RE
,37301000,CPRM-SUREG-RE
,37310000,CPRM-SUREG-RE
,37310600,CPRM-SUREG-RE
,37310700,CPRM-SUREG-RE
,37310950,CPRM-SUREG-RE
,37311000,CPRM-SUREG-RE
,37312000,CPRM-SUREG-RE
,37312100,CPRM-SUREG-RE
,37320300,CPRM-SUREG-RE
,37320600,CPRM-SUREG-RE
,37320700,CPRM-SUREG-RE
,37321000,CPRM-SUREG-RE
,37322000,CPRM-SUREG-RE
,37322100,CPRM-SUREG-RE
,37322300,CPRM-SUREG-RE
,37322900,CPRM-SUREG-RE
,37323000,CPRM-SUREG-RE
,37324000,CPRM-SUREG-RE
,37325000,CPRM-SUREG-RE
,37326000,CPRM-SUREG-RE
,37326300,CPRM-SUREG-RE
,37326500,CPRM-SUREG-RE
,37327000,CPRM-SUREG-RE
,37328000,CPRM-SUREG-RE
,37329000,CPRM-SUREG-RE
,37351900,CPRM-SUREG-RE
,37352000,CPRM-SUREG-RE
,37360000,CPRM-SUREG-RE
,37362000,CPRM-SUREG-RE
,37362300,CPRM-SUREG-RE
,37364000,CPRM-SUREG-RE
,37369065,CPRM-SUREG-RE
,37369100,CPRM-SUREG-RE
,37369160,CPRM-SUREG-RE
,37372000,CPRM-SUREG-RE
,37372100,CPRM-SUREG-RE
,37412050,CPRM-SUREG-RE
,37412090,CPRM-SUREG-RE
,37417000,CPRM-SUREG-RE
,37419000,CPRM-SUREG-RE
,37419300,CPRM-SUREG-RE
,37420000,CPRM-SUREG-RE
,37422000,CPRM-SUREG-RE
,37430000,CPRM-SUREG-RE
,37439000,CPRM-SUREG-RE
,37450000,CPRM-SUREG-RE
,37471000,CPRM-SUREG-RE
,37481000,CPRM-SUREG-RE
,37482000,CPRM-SUREG-RE
,37489500,CPRM-SUREG-RE
,37516900,CPRM-SUREG-RE
,37517850,CPRM-SUREG-RE
,37518000,CPRM-SUREG-RE
,37518200,CPRM-SUREG-RE
,37518400,CPRM-SUREG-RE
,37519700,CPRM-SUREG-RE
,37519800,CPRM-SUREG-RE
,37521700,CPRM-SUREG-RE
,37521900,CPRM-SUREG-RE
,37522000,CPRM-SUREG-RE
,37526000,CPRM-SUREG-RE
,37557000,CPRM-SUREG-RE
,37560900,CPRM-SUREG-RE
,37561000,CPRM-SUREG-RE
,37561050,CPRM-SUREG-RE
,37561500,CPRM-SUREG-RE
,37562200,CPRM-SUREG-RE
,37562700,CPRM-SUREG-RE
,37562800,CPRM-SUREG-RE
,37563900,CPRM-SUREG-RE
,37607000,CPRM-SUREG-RE
,37608000,CPRM-SUREG-RE
,37721000,CPRM-SUREG-RE
,38170000,CPRM-SUREG-RE
,38248000,CPRM-SUREG-RE
,38272000,CPRM-SUREG-RE
,38341000,CPRM-SUREG-RE
,38352800,CPRM-SUREG-RE
,38353500,CPRM-SUREG-RE
,38380000,CPRM-SUREG-RE
,38397000,CPRM-SUREG-RE
,38441000,CPRM-SUREG-RE
,38442000,CPRM-SUREG-RE
,38460000,CPRM-SUREG-RE
,38470000,CPRM-SUREG-RE
,38485000,CPRM-SUREG-RE
,38580000,CPRM-SUREG-RE
,38594000,CPRM-SUREG-RE
,38595000,CPRM-SUREG-RE
,38596000,CPRM-SUREG-RE
,38599000,CPRM-SUREG-RE
,38599500,CPRM-SUREG-RE
,38600000,CPRM-SUREG-RE
,38605000,CPRM-SUREG-RE
,38610000,CPRM-SUREG-RE
,38620000,CPRM-SUREG-RE
,38625000,CPRM-SUREG-RE
,38630000,CPRM-SUREG-RE
,38640000,CPRM-SUREG-RE
,38645000,CPRM-SUREG-RE
,38647900,CPRM-SUREG-RE
,38648000,CPRM-SUREG-RE
,38653000,CPRM-SUREG-RE
,38680000,CPRM-SUREG-RE
,38690000,CPRM-SUREG-RE
,38710000,CPRM-SUREG-RE
,38720000,CPRM-SUREG-RE
,38730000,CPRM-SUREG-RE
,38734000,CPRM-SUREG-RE
,38735000,CPRM-SUREG-RE
,38737000,CPRM-SUREG-RE
,38742000,CPRM-SUREG-RE
,38748000,CPRM-SUREG-RE
,38771000,CPRM-SUREG-RE
,38774900,CPRM-SUREG-RE
,38775100,CPRM-SUREG-RE
,38790000,CPRM-SUREG-RE
,38793000,CPRM-SUREG-RE
,38800500,CPRM-SUREG-RE
,38839000,CPRM-SUREG-RE
,38841000,CPRM-SUREG-RE
,38842000,CPRM-SUREG-RE
,38843000,CPRM-SUREG-RE
,38843900,CPRM-SUREG-RE
,38844000,CPRM-SUREG-RE
,38844500,CPRM-SUREG-RE
,38845000,CPRM-SUREG-RE
,38847000,CPRM-SUREG-RE
,38848500,CPRM-SUREG-RE
,38850000,CPRM-SUREG-RE
,38851000,CPRM-SUREG-RE
,38851400,CPRM-SUREG-RE
,38851700,CPRM-SUREG-RE
,38851900,CPRM-SUREG-RE
,38852000,CPRM-SUREG-RE
,38855100,CPRM-SUREG-RE
,38855150,CPRM-SUREG-RE
,38861000,CPRM-SUREG-RE
,38869900,CPRM-SUREG-RE
,38871000,CPRM-SUREG-RE
,38876000,CPRM-SUREG-RE
,38882000,CPRM-SUREG-RE
,38883000,CPRM-SUREG-RE
,38885500,CPRM-SUREG-RE
,38886000,CPRM-SUREG-RE
,38887000,CPRM-SUREG-RE
,38888000,CPRM-SUREG-RE
,39081070,CPRM-SUREG-RE
,39081075,CPRM-SUREG-RE
,39081090,CPRM-SUREG-RE
,39081230,CPRM-SUREG-RE
,39082000,CPRM-SUREG-RE
,39083000,CPRM-SUREG-RE
,39084020,CPRM-SUREG-RE
,39084050,CPRM-SUREG-RE
,39105000,CPRM-SUREG-RE
,39113000,CPRM-SUREG-RE
,39113500,CPRM-SUREG-RE
,39114500,CPRM-SUREG-RE
,39131500,CPRM-SUREG-RE
,39135000,CPRM-SUREG-RE
,39138000,CPRM-SUREG-RE
,39146000,CPRM-SUREG-RE
,39151000,CPRM-SUREG-RE
,39154000,CPRM-SUREG-RE
,39174400,CPRM-SUREG-RE
,39187900,CPRM-SUREG-RE
,39191000,CPRM-SUREG-RE
,39195000,CPRM-SUREG-RE
,39199900,CPRM-SUREG-RE
,39200560,CPRM-SUREG-RE
,39200800,CPRM-SUREG-RE
,39204000,CPRM-SUREG-RE
,39266000,CPRM-SUREG-RE
,39267000,CPRM-SUREG-RE
,39339000,CPRM-SUREG-RE
,39339200,CPRM-SUREG-RE
,39340300,CPRM-SUREG-RE
,39340380,CPRM-SUREG-RE
,39340390,CPRM-SUREG-RE
,39340450,CPRM-SUREG-RE
,39430800,CPRM-SUREG-RE
,39490530,CPRM-SUREG-RE
,39540000,CPRM-SUREG-RE
,39540500,CPRM-SUREG-RE
,39540610,CPRM-SUREG-RE
,39540620,CPRM-SUREG-RE
,39540630,CPRM-SUREG-RE
,39540635,CPRM-SUREG-RE
,39540640,CPRM-SUREG-RE
,39540670,CPRM-SUREG-RE
,39540680,CPRM-SUREG-RE
,39551000,CPRM-SUREG-RE
,39570000,CPRM-SUREG-RE
,39650000,CPRM-SUREG-RE
,39690000,CPRM-SUREG-RE
,39810000,CPRM-SUREG-RE
,39830000,CPRM-SUREG-RE
,39880000,CPRM-SUREG-RE
,39950500,CPRM-SUREG-RE
,39964000,CPRM-SUREG-RE
,39971000,CPRM-SUREG-RE
,40037000,CPRM-SUREG-BH
,40060001,CPRM-SUREG-BH
,40070000,CPRM-SUREG-BH
,40170000,CPRM-SUREG-BH
,40185000,CPRM-SUREG-BH
,40269900,CPRM-SUREG-BH
,40300001,CPRM-SUREG-BH
,40330000,CPRM-SUREG-BH
,40549998,CPRM-SUREG-BH
,40579995,CPRM-SUREG-BH
,40784000,CPRM-SUREG-BH
,40810400,CPRM-SUREG-BH
,40810800,CPRM-SUREG-BH
,40821900,CPRM-SUREG-BH
,40823500,CPRM-SUREG-BH
,41260000,CPRM-SUREG-BH
,41380000,CPRM-SUREG-BH
,41440005,CPRM-SUREG-BH
,41600000,CPRM-SUREG-BH
,41650002,CPRM-SUREG-BH
,41685000,CPRM-SUREG-BH
,41780002,CPRM-SUREG-BH
,41890000,CPRM-SUREG-BH
,42081400,CPRM-SUREG-BH
,42089998,CPRM-SUREG-BH
,42169000,CPRM-SUREG-BH
,42250000,CPRM-SUREG-BH
,42290000,CPRM-SUREG-BH
,42365000,CPRM-SUREG-BH
,42430000,CPRM-SUREG-GO
,42435000,CPRM-SUREG-BH
,42545002,CPRM-SUREG-BH
,42546000,CPRM-SUREG-BH
,42690001,CPRM-SUREG-BH
,42840000,CPRM-SUREG-BH
,43250002,CPRM-SUREG-BH
,43670000,CPRM-SUREG-BH
,43880000,CPRM-SUREG-BH
,44250000,CPRM-SUREG-BH
,44290002,CPRM-SUREG-BH
,44543000,CPRM-SUREG-BH
,44589000,CPRM-SUREG-BH
,44598000,CPRM-SUREG-BH
,44637900,CPRM-SUREG-BH
,44770000,CPRM-SUREG-BH
,44800000,CPRM-SUREG-SA
,44850100,CPRM-SUREG-BH
,44881900,CPRM-SUREG-BH
,44882000,CPRM-SUREG-BH
,44883000,CPRM-SUREG-BH
,44883100,CPRM-SUREG-BH
,44890000,CPRM-SUREG-BH
,44907030,CPRM-SUREG-BH
,44940000,CPRM-SUREG-BH
,45260000,CPRM-SUREG-BH
,45298900,CPRM-SUREG-SA
,45299100,CPRM-SUREG-SA
,45299150,CPRM-SUREG-SA
,45299180,CPRM-SUREG-SA
,45299200,CPRM-SUREG-SA
,45399000,CPRM-SUREG-SA
,45400000,CPRM-SUREG-SA
,45470000,CPRM-SUREG-SA
,45480000,CPRM-SUREG-SA
,45700000,CPRM-SUREG-SA
,45726000,CPRM-SUREG-SA
,45740001,CPRM-SUREG-SA
,46037900,CPRM-SUREG-SA
,46038000,CPRM-SUREG-SA
,46105000,CPRM-SUREG-SA
,46220900,CPRM-SUREG-SA
,46230000,CPRM-SUREG-SA
,46230100,CPRM-SUREG-SA
,46520000,CPRM-SUREG-SA
,46650000,CPRM-SUREG-SA
,46784000,CPRM-SUREG-SA
,47228000,CPRM-SUREG-SA
,47228900,CPRM-SUREG-SA
,47229000,CPRM-SUREG-SA
,47229100,CPRM-SUREG-SA
,48018000,CPRM-SUREG-RE
,48030000,CPRM-SUREG-SA
,48049000,CPRM-SUREG-SA
,48050000,CPRM-SUREG-SA
,48055000,CPRM-SUREG-SA
,48100000,CPRM-SUREG-RE
,48121000,CPRM-SUREG-RE
,48130000,CPRM-SUREG-RE
,48178000,CPRM-SUREG-RE
,48257900,CPRM-SUREG-SA
,48258000,CPRM-SUREG-SA
,48258100,CPRM-SUREG-SA
,48395000,CPRM-SUREG-SA
,48395500,CPRM-SUREG-SA
,48396500,CPRM-SUREG-RE
,48397000,CPRM-SUREG-RE
,48398100,CPRM-SUREG-RE
,48399000,CPRM-SUREG-RE
,48408000,CPRM-SUREG-RE
,48420000,CPRM-SUREG-RE
,48439050,CPRM-SUREG-RE
,48439100,CPRM-SUREG-RE
,48439600,CPRM-SUREG-RE
,48440000,CPRM-SUREG-RE
,48450000,CPRM-SUREG-RE
,48550000,CPRM-SUREG-RE
,48575000,CPRM-SUREG-RE
,48699000,CPRM-SUREG-SA
,48801500,CPRM-SUREG-RE
,48815000,CPRM-SUREG-RE
,48820000,CPRM-SUREG-RE
,48840900,CPRM-SUREG-RE
,48841000,CPRM-SUREG-RE
,48841500,CPRM-SUREG-RE
,48843000,CPRM-SUREG-RE
,48850000,CPRM-SUREG-RE
,48850001,CPRM-SUREG-RE
,48851100,CPRM-SUREG-RE
,48880000,CPRM-SUREG-RE
,48881000,CPRM-SUREG-RE
,49091000,CPRM-SUREG-RE
,49130000,CPRM-SUREG-RE
,49375000,CPRM-SUREG-RE
,49380000,CPRM-SUREG-RE
,49405000,CPRM-SUREG-RE
,49510000,CPRM-SUREG-RE
,49519000,CPRM-SUREG-SA
,49525000,CPRM-SUREG-RE
,49601000,CPRM-SUREG-RE
,49620000,CPRM-SUREG-SA
,49640000,CPRM-SUREG-RE
,49704900,CPRM-SUREG-SA
,49775000,CPRM-SUREG-SA
,50070900,CPRM-SUREG-SA
,50080000,CPRM-SUREG-SA
,50139500,CPRM-SUREG-SA
,50142800,CPRM-SUREG-SA
,50142900,CPRM-SUREG-SA
,50143000,CPRM-SUREG-SA
,50143100,CPRM-SUREG-SA
,50150000,CPRM-SUREG-SA
,50151400,CPRM-SUREG-SA
,50151600,CPRM-SUREG-SA
,50187200,CPRM-SUREG-SA
,50200800,CPRM-SUREG-SA
,50250000,CPRM-SUREG-SA
,50310000,CPRM-SUREG-SA
,50370000,CPRM-SUREG-SA
,50371000,CPRM-SUREG-SA
,50371100,CPRM-SUREG-SA
,50375000,CPRM-SUREG-SA
,50376000,CPRM-SUREG-SA
,50401300,CPRM-SUREG-SA
,50418400,CPRM-SUREG-SA
,50418500,CPRM-SUREG-SA
,50418600,CPRM-SUREG-SA
,50424800,CPRM-SUREG-SA
,50424900,CPRM-SUREG-SA
,50425000,CPRM-SUREG-SA
,50425100,CPRM-SUREG-SA
,50454800,CPRM-SUREG-SA
,50454900,CPRM-SUREG-SA
,50467900,CPRM-SUREG-SA
,50468000,CPRM-SUREG-SA
,50475600,CPRM-SUREG-SA
,50494000,CPRM-SUREG-SA
,50755000,CPRM-SUREG-SA
,50842900,CPRM-SUREG-SA
,50843000,CPRM-SUREG-SA
,50843100,CPRM-SUREG-SA
,50903280,CPRM-SUREG-SA
,50905300,CPRM-SUREG-SA
,50909000,CPRM-SUREG-SA
,50912030,CPRM-SUREG-SA
,50912050,CPRM-SUREG-SA
,50912100,CPRM-SUREG-SA
,50912150,CPRM-SUREG-SA
,50912200,CPRM-SUREG-SA
,50912250,CPRM-SUREG-SA
,51105400,CPRM-SUREG-SA
,51105500,CPRM-SUREG-SA
,51105600,CPRM-SUREG-SA
,51124500,CPRM-SUREG-SA
,51124600,CPRM-SUREG-SA
,51158100,CPRM-SUREG-SA
,51190000,CPRM-SUREG-SA
,51282000,CPRM-SUREG-SA
,51283000,CPRM-SUREG-SA
,51285000,CPRM-SUREG-SA
,51330000,CPRM-SUREG-SA
,51345000,CPRM-SUREG-SA
,51417900,CPRM-SUREG-SA
,51418000,CPRM-SUREG-SA
,51418100,CPRM-SUREG-SA
,51432100,CPRM-SUREG-SA
,51432200,CPRM-SUREG-SA
,51440000,CPRM-SUREG-SA
,51460000,CPRM-SUREG-SA
,51460130,CPRM-SUREG-SA
,51460200,CPRM-SUREG-SA
,51460550,CPRM-SUREG-SA
,51685000,CPRM-SUREG-SA
,51750500,CPRM-SUREG-SA
,51750600,CPRM-SUREG-SA
,51750800,CPRM-SUREG-SA
,52059000,CPRM-SUREG-SA
,52060000,CPRM-SUREG-SA
,52060100,CPRM-SUREG-SA
,52120900,CPRM-SUREG-SA
,52130000,CPRM-SUREG-SA
,52130100,CPRM-SUREG-SA
,52138000,CPRM-SUREG-SA
,52140000,CPRM-SUREG-SA
,52150000,CPRM-SUREG-SA
,52220900,CPRM-SUREG-SA
,52230100,CPRM-SUREG-SA
,52249800,CPRM-SUREG-SA
,52255000,CPRM-SUREG-SA
,52255100,CPRM-SUREG-SA
,52264000,CPRM-SUREG-SA
,52270150,CPRM-SUREG-SA
,52270200,CPRM-SUREG-SA
,52290000,CPRM-SUREG-SA
,52300100,CPRM-SUREG-SA
,52350900,CPRM-SUREG-SA
,52360000,CPRM-SUREG-SA
,52360100,CPRM-SUREG-SA
,52364900,CPRM-SUREG-SA
,52365000,CPRM-SUREG-SA
,52365100,CPRM-SUREG-SA
,52370900,CPRM-SUREG-SA
,52380000,CPRM-SUREG-SA
,52380100,CPRM-SUREG-SA
,52391000,CPRM-SUREG-SA
,52404100,CPRM-SUREG-SA
,52405000,CPRM-SUREG-SA
,52406000,CPRM-SUREG-SA
,52695000,CPRM-SUREG-SA
,52831000,CPRM-SUREG-SA
,53140000,CPRM-SUREG-SA
,53170000,CPRM-SUREG-SA
,53541000,CPRM-SUREG-SA
,53700500,CPRM-SUREG-SA
,53701500,CPRM-SUREG-SA
,53702000,CPRM-SUREG-SA
,53705000,CPRM-SUREG-SA
,53710900,CPRM-SUREG-SA
,53712000,CPRM-SUREG-SA
,53713000,CPRM-SUREG-SA
,53713500,CPRM-SUREG-SA
,53720000,CPRM-SUREG-SA
,53720100,CPRM-SUREG-SA
,53790000,CPRM-SUREG-SA
,54001000,CPRM-SUREG-BH
,54003900,CPRM-SUREG-BH
,54185000,CPRM-SUREG-BH
,54195000,CPRM-SUREG-BH
,54235000,CPRM-SUREG-BH
,54547000,CPRM-SUREG-BH
,54549000,CPRM-SUREG-BH
,54560000,CPRM-SUREG-BH
,54860000,CPRM-SUREG-BH
,55170000,CPRM-SUREG-BH
,55241000,CPRM-SUREG-BH
,55510000,CPRM-SUREG-BH
,55610000,CPRM-SUREG-BH
,55699998,CPRM-SUREG-BH
,55746000,CPRM-SUREG-BH
,55884990,CPRM-SUREG-BH
,56065000,CPRM-SUREG-BH
,56085000,CPRM-SUREG-BH
,56090000,CPRM-SUREG-BH
,56335001,CPRM-SUREG-BH
,56510000,CPRM-SUREG-BH
,56539000,CPRM-SUREG-BH
,56570000,CPRM-SUREG-BH
,56640000,CPRM-SUREG-BH
,56659998,CPRM-SUREG-BH
,56696000,CPRM-SUREG-BH
,56800000,CPRM-SUREG-BH
,56825000,CPRM-SUREG-BH
,56846000,CPRM-SUREG-BH
,56846890,CPRM-SUREG-BH
,56870000,CPRM-SUREG-BH
,56920000,CPRM-SUREG-BH
,56940002,CPRM-SUREG-BH
,56978000,CPRM-SUREG-BH
,56983000,CPRM-SUREG-BH
,56989900,CPRM-SUREG-BH
,56990990,CPRM-SUREG-BH
,56993551,CPRM-SUREG-BH
,56994500,CPRM-SUREG-BH
,56994510,CPRM-SUREG-BH
,56995500,CPRM-SUREG-BH
,57250000,CPRM-SUREG-BH
,57300000,CPRM-SUREG-BH
,57320000,CPRM-SUREG-BH
,57370000,CPRM-SUREG-BH
,57476500,CPRM-SUREG-BH
,57550000,CPRM-SUREG-BH
,57650000,CPRM-SUREG-BH
,57930000,CPRM-SUREG-SP
,58142200,CPRM-SUREG-SP
,58220000,CPRM-SUREG-SP
,58516500,CPRM-SUREG-SP
,58525000,CPRM
,58550001,CPRM-SUREG-SP
,58736000,CPRM-SUREG-SP
,58792100,CPRM-SUREG-SP
,58825000,CPRM-SUREG-SP
,58860000,CPRM-SUREG-SP
,58870000,CPRM-SUREG-SP
,59120000,CPRM-SUREG-SP
,59370000,CPRM-SUREG-SP
,60011000,CPRM-SUREG-BH
,60012100,CPRM-SUREG-BH
,60130000,CPRM-SUREG-BH
,60285000,CPRM-SUREG-BH
,60495000,CPRM-SUREG-GO
,60642000,CPRM-SUREG-GO
,60653000,CPRM-SUREG-GO
,60654000,CPRM-SUREG-GO
,60665000,CPRM-SUREG-GO
,60778000,CPRM-SUREG-GO
,60811000,CPRM-SUREG-GO
,60842000,CPRM-SUREG-BH
,60848000,CPRM-SUREG-BH
,60960000,CPRM-SUREG-GO
,61107000,IGAM-MG
,61115000,IGAM-MG
,61250000,IGAM-MG
,61343000,IGAM-MG
,61360000,IGAM-MG
,61390000,IGAM-MG
,61770000,CPRM-SUREG-BH
,61788000,CPRM-SUREG-BH
,61794000,CPRM-SUREG-BH
,61879000,CONSTRUFAM-SP
,62538000,CONSTRUFAM-SP
,62600000,CONSTRUFAM-SP
,62767500,CONSTRUFAM-SP
,62776600,CONSTRUFAM-SP
,63001600,CPRM-SUREG-GO
,63950280,CPRM-SUREG-GO
,63955000,CPRM-SUREG-GO
,64015000,CONSTRUFAM-SP
,64065000,CONSTRUFAM-SP
,64135000,CONSTRUFAM-SP
,64185000,CONSTRUFAM-SP
,64191000,CONSTRUFAM-SP
,64231000,IAT-PR
,64240000,IAT-PR
,64362000,IAT-PR
,64365850,IAT-PR
,64441020,IAT-PR
,64442800,IAT-PR
,64504100,IAT-PR
,64504591,IAT-PR
,64507100,IAT-PR
,64508020,IAT-PR
,64529900,IAT-PR
,64541000,IAT-PR
,64546900,IAT-PR
,64575003,IAT-PR
,64613800,CPRM-SUREG-GO
,64614000,CPRM-SUREG-GO
,64619950,IAT-PR
,64620000,IAT-PR
,64634000,IAT-PR
,64671950,IAT-PR
,64682000,IAT-PR
,64685000,IAT-PR
,64693000,IAT-PR
,64700000,CPRM-SUREG-GO
,64764000,IAT-PR
,64767000,IAT-PR
,64773000,IAT-PR
,64776100,IAT-PR
,64790000,IAT-PR
,64815000,IAT-PR
,64820000,IAT-PR
,64833000,IAT-PR
,64897500,IAT-PR
,64925100,IAT-PR
,65004995,IAT-PR
,65015400,IAT-PR
,65017035,IAT-PR
,65020995,IAT-PR
,65021000,IAT-PR
,65021770,IAT-PR
,65024000,IAT-PR
,65027000,IAT-PR
,65093000,IAT-PR
,65094500,IAT-PR
,65135000,IAT-PR
,65240000,IAT-PR
,65809000,IAT-PR
,65925800,IAT-PR
,65955000,IAT-PR
,65960000,IAT-PR
,65974500,IAT-PR
,65979000,IAT-PR
,65990550,IAT-PR
,65996000,IAT-PR
,66050000,CPRM-SUREG-GO
,66055000,CPRM-SUREG-GO
,66065000,CPRM-SUREG-GO
,66071400,CPRM-SUREG-GO
,66077000,CPRM-SUREG-GO
,66140000,CPRM-SUREG-GO
,66380000,CPRM-SUREG-GO
,66400000,CPRM-SUREG-GO
,66430000,CPRM-SUREG-GO
,66845000,CPRM-SUREG-GO
,66850000,CPRM-SUREG-GO
,66855000,CPRM-SUREG-GO
,66926000,CPRM-SUREG-GO
,66950000,CPRM-SUREG-GO
,67176000,CPRM-SUREG-GO
,70300000,CPRM-SUREG-PA
,71250000,CPRM-SUREG-PA
,72430000,CPRM-SUREG-PA
,72630000,CPRM-SUREG-PA
,72680000,CPRM-SUREG-PA
,72849000,CPRM-SUREG-PA
,73350000,CPRM-SUREG-PA
,73765000,CPRM-SUREG-PA
,74270000,CPRM-SUREG-PA
,74300000,CPRM-SUREG-PA
,74370000,CPRM-SUREG-PA
,74460000,CPRM-SUREG-PA
,74610000,CPRM-SUREG-PA
,74750000,CPRM-SUREG-PA
,74880000,CPRM-SUREG-PA
,74900000,CPRM-SUREG-PA
,75186000,CPRM-SUREG-PA
,75205000,CPRM-SUREG-PA
,75295000,CPRM-SUREG-PA
,75400000,CPRM-SUREG-PA
,75600000,CPRM-SUREG-PA
,75650000,CPRM-SUREG-PA
,76085000,CPRM-SUREG-PA
,76100000,CPRM-SUREG-PA
,76500000,CPRM-SUREG-PA
,76650000,CPRM-SUREG-PA
,76742000,CPRM-SUREG-PA
,77585000,CPRM-SUREG-PA
,81019350,IAT-PR
,81107000,IAT-PR
,81160000,IAT-PR
,81380000,CONSTRUFAM-SP
,81420000,CONSTRUFAM-SP
,81519000,CONSTRUFAM-SP
,81545000,CONSTRUFAM-SP
,81683000,CONSTRUFAM-SP
,81700000,CONSTRUFAM-SP
,82170000,IAT-PR
,82770000,EPAGRI-SC
,83069900,EPAGRI-SC
,83101000,EPAGRI-SC
,83345000,EPAGRI-SC
,83500000,EPAGRI-SC
,83900000,EPAGRI-SC
,84598002,EPAGRI-SC
,84800000,EPAGRI-SC
,84949000,EPAGRI-SC
,85438000,CPRM-SUREG-PA
,85470000,CPRM-SUREG-PA
,85600000,CPRM-SUREG-PA
,85623000,CPRM-SUREG-PA
,85735000,CPRM-SUREG-PA
,85739810,CPRM-SUREG-PA
,85830000,CPRM-SUREG-PA
,86100000,CPRM-SUREG-PA
,86410000,CPRM-SUREG-PA
,86420000,CPRM-SUREG-PA
,86500000,CPRM-SUREG-PA
,86560000,CPRM-SUREG-PA
,86580000,CPRM-SUREG-PA
,86745000,CPRM-SUREG-PA
,86879300,CPRM-SUREG-PA
,86881000,CPRM-SUREG-PA
,86882000,CPRM-SUREG-PA
,86895000,CPRM-SUREG-PA
,86950000,CPRM-SUREG-PA
,87020000,CPRM-SUREG-PA
,87290000,CPRM-SUREG-PA
,87309000,CPRM-SUREG-PA
,87316000,CPRM-SUREG-PA
,87317060,CPRM-SUREG-PA
,87317140,CPRM-SUREG-PA
,87398700,CPRM-SUREG-PA
,87398800,CPRM-SUREG-PA
,87406000,CPRM-SUREG-PA
,87450005,CPRM-SUREG-PA
,87450100,CPRM-SUREG-PA
,87460007,CPRM-SUREG-PA
,87460120,CPRM-SUREG-PA
,87500020,CPRM-SUREG-PA
,87670000,CPRM-SUREG-PA
,87921000,CPRM-SUREG-PA
,87955000,CPRM-SUREG-PA
,87980000,CPRM-SUREG-PA
,88020000,CPRM-SUREG-PA
,88300000,CPRM-SUREG-PA
,88750000,CPRM-SUREG-PA
47002,,CPRM-SUREG-BE
47003,,CPRM-SUREG-BE
47004,,CPRM-SUREG-BE
47005,,CPRM-SUREG-BE
47006,,CPRM-SUREG-BE
47007,,CPRM-SUREG-BE
48006,,CPRM-SUREG-BE
49009,,CPRM-SUREG-BE
49010,,CPRM-SUREG-BE
49011,,CPRM-SUREG-BE
49012,,CPRM-SUREG-BE
50003,,CPRM-SUREG-BE
51002,,CPRM-SUREG-BE
51004,,CPRM-SUREG-BE
51005,,CPRM-SUREG-BE
52003,,CPRM-SUREG-BE
60001,,CPRM-SUREG-MA
61001,,CPRM-SUREG-MA
63000,,CPRM-SUREG-MA
66000,,CPRM-SUREG-MA
144002,,CPRM-SUREG-BE
145006,,CPRM-SUREG-BE
146009,,CPRM-SUREG-BE
146010,,CPRM-SUREG-BE
146011,,CPRM-SUREG-BE
147002,,CPRM-SUREG-BE
147007,,CPRM-SUREG-BE
147008,,CPRM-SUREG-BE
147010,,CPRM-SUREG-BE
147011,,CPRM-SUREG-BE
147017,,CPRM-SUREG-BE
147018,,CPRM-SUREG-BE
147019,,CPRM-SUREG-BE
148003,,CPRM-SUREG-BE
148009,,CPRM-SUREG-BE
148010,,CPRM-SUREG-BE
148011,,CPRM-SUREG-BE
148012,,CPRM-SUREG-BE
148017,,CPRM-SUREG-BE
148018,,CPRM-SUREG-BE
148019,,CPRM-SUREG-BE
149003,,CPRM-SUREG-BE
149004,,CPRM-SUREG-BE
149005,,CPRM-SUREG-BE
149006,,CPRM-SUREG-BE
150003,,CPRM-SUREG-BE
151000,,CPRM-SUREG-BE
151001,,CPRM-SUREG-BE
151002,,CPRM-SUREG-BE
151003,,CPRM-SUREG-BE
152006,,CPRM-SUREG-BE
153000,,CPRM-SUREG-BE
154003,,CPRM-SUREG-BE
155002,,CPRM-SUREG-BE
156002,,CPRM-SUREG-BE
157002,,CPRM-SUREG-MA
158003,,CPRM-SUREG-MA
160000,,CPRM-SUREG-MA
162000,,CPRM-SUREG-MA
162003,,CPRM-SUREG-MA
167001,,COHIDRO
169002,,COHIDRO
242002,,CPRM-SUREG-TE
244011,,CPRM-SUREG-BE
244012,,CPRM-SUREG-TE
245008,,CPRM-SUREG-BE
245009,,CPRM-SUREG-BE
245010,,CPRM-SUREG-BE
245011,,CPRM-SUREG-BE
246002,,CPRM-SUREG-BE
247003,,CPRM-SUREG-BE
247004,,CPRM-SUREG-BE
247006,,CPRM-SUREG-BE
247008,,CPRM-SUREG-BE
248001,,CPRM-SUREG-BE
248003,,CPRM-SUREG-BE
248006,,CPRM-SUREG-BE
249002,,CPRM-SUREG-BE
249003,,CPRM-SUREG-BE
249004,,CPRM-SUREG-BE
250000,,CPRM-SUREG-BE
250001,,CPRM-SUREG-BE
250002,,CPRM-SUREG-BE
250003,,CPRM-SUREG-BE
251000,,CPRM-SUREG-BE
251001,,UFC-Altamira
252001,,CPRM-SUREG-BE
253000,,CPRM-SUREG-BE
254010,,CPRM-SUREG-BE
254011,,CPRM-SUREG-BE
255000,,CPRM-SUREG-BE
255001,,CPRM-SUREG-BE
255002,,CPRM-SUREG-BE
256001,,CPRM-SUREG-BE
256002,,CPRM-SUREG-MA
257000,,CPRM-SUREG-MA
257001,,CPRM-SUREG-MA
257002,,CPRM-SUREG-MA
257003,,CPRM-SUREG-MA
258001,,CPRM-SUREG-MA
259000,,CPRM-SUREG-MA
259005,,CPRM-SUREG-MA
260007,,CPRM-SUREG-MA
260008,,CPRM-SUREG-MA
261001,,CPRM-SUREG-MA
265000,,COHIDRO
266004,,COHIDRO
267001,,COHIDRO
268000,,COHIDRO
338043,,CPRM-SUREG-FO
339045,,CPRM-SUREG-FO
340105,,CPRM-SUREG-FO
340118,,CPRM-SUREG-FO
341027,,CPRM-SUREG-TE
341041,,CPRM-SUREG-TE
342009,,CPRM-SUREG-TE
343009,,CPRM-SUREG-TE
343010,,CPRM-SUREG-TE
343011,,CPRM-SUREG-TE
344008,,CPRM-SUREG-TE
344010,,CPRM-SUREG-TE
344011,,CPRM-SUREG-TE
344012,,CPRM-SUREG-TE
344013,,CPRM-SUREG-TE
345012,,CPRM-SUREG-TE
345013,,CPRM-SUREG-TE
345014,,CPRM-SUREG-TE
346002,,CPRM-SUREG-TE
347000,,CPRM-SUREG-BE
347001,,CPRM-SUREG-BE
347002,,CPRM-SUREG-BE
348001,,CPRM-SUREG-BE
348002,,CPRM-SUREG-BE
349002,,CPRM-SUREG-BE
349003,,CPRM-SUREG-BE
350000,,CPRM-SUREG-BE
350001,,CPRM-SUREG-BE
351000,,UFC-Altamira
351002,,UFC-Altamira
352005,,UFC-Altamira
353000,,UFC-Altamira
353002,,UFC-Altamira
354000,,UFC-Altamira
355001,,CPRM-SUREG-BE
356002,,CPRM-SUREG-MA
357001,,CPRM-SUREG-MA
357003,,CPRM-SUREG-MA
357004,,CPRM-SUREG-MA
358002,,CPRM-SUREG-MA
358003,,CPRM-SUREG-MA
359005,,CPRM-SUREG-MA
360005,,CPRM-SUREG-MA
361000,,CPRM-SUREG-MA
361001,,CPRM-SUREG-MA
362002,,COHIDRO
363000,,COHIDRO
363002,,COHIDRO
364001,,COHIDRO
366001,,COHIDRO
369000,,COHIDRO
438011,,CPRM-SUREG-FO
438021,,CPRM-SUREG-FO
440042,,CPRM-SUREG-FO
440084,,CPRM-SUREG-FO
442010,,CPRM-SUREG-TE
442013,,CPRM-SUREG-TE
443011,,CPRM-SUREG-TE
443012,,CPRM-SUREG-TE
444000,,CPRM-SUREG-TE
444013,,CPRM-SUREG-TE
444014,,CPRM-SUREG-TE
445007,,CPRM-SUREG-TE
445008,,CPRM-SUREG-TE
445009,,CPRM-SUREG-TE
445010,,CPRM-SUREG-TE
446001,,CPRM-SUREG-TE
446002,,CPRM-SUREG-TE
447001,,CPRM-SUREG-BE
447002,,CPRM-SUREG-TE
447003,,CPRM-SUREG-BE
447004,,CPRM-SUREG-BE
448000,,CPRM-SUREG-BE
449001,,CPRM-SUREG-BE
449002,,CPRM-SUREG-BE
449003,,CPRM-SUREG-BE
452000,,CPRM-SUREG-BE
454001,,UFC-Altamira
455002,,UFC-Altamira
455003,,UFC-Altamira
455004,,UFC-Altamira
456001,,UFC-Altamira
456002,,UFC-Altamira
458001,,CPRM-SUREG-MA
459001,,CONSTRUFAM-LoteC
460001,,CONSTRUFAM-LoteC
463003,,COHIDRO
465001,,COHIDRO
466002,,COHIDRO
470005,,COHIDRO
535038,,CPRM-SUREG-RE
536047,,CPRM-SUREG-RE
537049,,CPRM-SUREG-RE
538008,,CPRM-SUREG-FO
538085,,CPRM-SUREG-FO
539043,,CPRM-SUREG-FO
539078,,CPRM-SUREG-FO
543002,,CPRM-SUREG-TE
543010,,CPRM-SUREG-TE
543011,,CPRM-SUREG-TE
544006,,CPRM-SUREG-TE
544009,,CPRM-SUREG-TE
545012,,CPRM-SUREG-TE
546007,,CPRM-SUREG-TE
547005,,CPRM-SUREG-TE
547006,,CPRM-SUREG-GO
548001,,CPRM-SUREG-GO
548002,,CPRM-SUREG-BE
548003,,CPRM-SUREG-GO
549004,,CPRM-SUREG-BE
549007,,CPRM-SUREG-BE
555000,,UFC-Altamira
555002,,UFC-Altamira
560001,,CONSTRUFAM-LoteC
560002,,CONSTRUFAM-LoteC
564001,,CONSTRUFAM-LoteC
564002,,CONSTRUFAM-LoteC
567001,,COHIDRO
567002,,COHIDRO
569001,,COHIDRO
635013,,CPRM-SUREG-RE
636019,,CPRM-SUREG-RE
637010,,CPRM-SUREG-RE
638044,,CPRM-SUREG-RE
638088,,CPRM-SUREG-RE
638089,,CPRM-SUREG-RE
638090,,CPRM-SUREG-RE
638094,,CPRM-SUREG-RE
638095,,CPRM-SUREG-RE
638096,,CPRM-SUREG-RE
639074,,CPRM-SUREG-FO
643011,,CPRM-SUREG-TE
643012,,CPRM-SUREG-TE
644003,,CPRM-SUREG-TE
645002,,CPRM-SUREG-TE
645003,,CPRM-SUREG-TE
645004,,CPRM-SUREG-TE
646005,,CPRM-SUREG-TE
646006,,CPRM-SUREG-TE
647001,,CPRM-SUREG-GO
648001,,CPRM-SUREG-GO
648002,,CPRM-SUREG-GO
649000,,CPRM-SUREG-BE
649001,,CPRM-SUREG-BE
649002,,CPRM-SUREG-BE
649003,,CPRM-SUREG-GO
650001,,CPRM-SUREG-BE
655001,,UFC-Altamira
657000,,UFC-Altamira
660000,,CONSTRUFAM-LoteC
662001,,CONSTRUFAM-LoteC
668000,,COHIDRO
669001,,COHIDRO
670000,,CONSTRUFAM-LoteC
735050,,CPRM-SUREG-RE
735157,,CPRM-SUREG-RE
735158,,CPRM-SUREG-RE
735159,,CPRM-SUREG-RE
736000,,CPRM-SUREG-RE
736040,,CPRM-SUREG-RE
736042,,CPRM-SUREG-RE
737023,,CPRM-SUREG-RE
738057,,CPRM-SUREG-FO
738067,,CPRM-SUREG-FO
739059,,CPRM-SUREG-FO
741003,,CPRM-SUREG-TE
745005,,CPRM-SUREG-TE
745007,,CPRM-SUREG-TE
746007,,CPRM-SUREG-TE
746008,,CPRM-SUREG-TE
746009,,CPRM-SUREG-TE
747000,,CPRM-SUREG-GO
747009,,CPRM-SUREG-GO
748001,,CPRM-SUREG-GO
748002,,CPRM-SUREG-GO
749001,,CPRM-SUREG-GO
749002,,CPRM-SUREG-BE
750000,,CPRM-SUREG-BE
750001,,CPRM-SUREG-BE
750002,,CPRM-SUREG-BE
759000,,CONSTRUFAM-LoteC
762003,,CONSTRUFAM-LoteC
765000,,CONSTRUFAM-LoteC
765001,,CONSTRUFAM-LoteC
772002,,CONSTRUFAM-LoteC
773000,,CONSTRUFAM-LoteB
834017,,CPRM-SUREG-RE
835135,,CPRM-SUREG-RE
835136,,CPRM-SUREG-RE
835137,,CPRM-SUREG-RE
836092,,CPRM-SUREG-RE
836093,,CPRM-SUREG-RE
837054,,CPRM-SUREG-RE
837055,,CPRM-SUREG-RE
838000,,CPRM-SUREG-RE
838002,,CPRM-SUREG-RE
838004,,CPRM-SUREG-SA
839045,,CPRM-SUREG-SA
839046,,CPRM-SUREG-SA
840010,,CPRM-SUREG-RE
840015,,CPRM-SUREG-RE
841017,,CPRM-SUREG-TE
841019,,CPRM-SUREG-SA
842015,,CPRM-SUREG-TE
845003,,CPRM-SUREG-TE
845004,,CPRM-SUREG-TE
845005,,CPRM-SUREG-TE
846005,,CPRM-SUREG-TE
847002,,CPRM-SUREG-GO
847003,,CPRM-SUREG-GO
847004,,CPRM-SUREG-GO
848000,,CPRM-SUREG-GO
848001,,CPRM-SUREG-GO
848002,,CPRM-SUREG-GO
848006,,CPRM-SUREG-GO
850000,,CPRM-SUREG-GO
850001,,CPRM-SUREG-GO
851000,,CPRM-SUREG-BE
855000,,UFC-Altamira
861002,,CONSTRUFAM-LoteC
863011,,CPRM-SUREG-PV
865000,,CONSTRUFAM-LoteC
867002,,CONSTRUFAM-LoteC
937013,,CPRM-SUREG-SA
938029,,CPRM-SUREG-SA
938030,,CPRM-SUREG-SA
938031,,CPRM-SUREG-SA
939017,,CPRM-SUREG-SA
939020,,CPRM-SUREG-SA
939021,,CPRM-SUREG-SA
939022,,CPRM-SUREG-SA
939023,,CPRM-SUREG-SA
939024,,CPRM-SUREG-SA
940018,,CPRM-SUREG-SA
940025,,CPRM-SUREG-SA
940028,,CPRM-SUREG-SA
940039,,CPRM-SUREG-SA
941016,,CPRM-SUREG-SA
941017,,CPRM-SUREG-SA
941018,,CPRM-SUREG-SA
942027,,CPRM-SUREG-SA
942028,,CPRM-SUREG-TE
942029,,CPRM-SUREG-SA
943013,,CPRM-SUREG-SA
943014,,CPRM-SUREG-SA
943015,,CPRM-SUREG-SA
946003,,CPRM-SUREG-TE
946005,,CPRM-SUREG-TE
947001,,CPRM-SUREG-GO
949000,,CPRM-SUREG-GO
949001,,CPRM-SUREG-GO
949003,,CPRM-SUREG-GO
950000,,CPRM-SUREG-GO
950001,,CPRM-SUREG-GO
950002,,CPRM-SUREG-GO
950003,,CPRM-SUREG-GO
951000,,CPRM-SUREG-GO
954002,,CPRM-SUREG-GO
956000,,CPRM-SUREG-GO
956002,,CPRM-SUREG-GO
957001,,CPRM-SUREG-GO
957002,,CPRM-SUREG-GO
958002,,CPRM-SUREG-GO
958004,,CPRM-SUREG-GO
961003,,CPRM-SUREG-PV
962000,,CPRM-SUREG-PV
962001,,CPRM-SUREG-PV
963001,,CPRM-SUREG-PV
963004,,CPRM-SUREG-PV
966000,,CPRM-SUREG-PV
966001,,CPRM-SUREG-PV
967004,,CPRM-SUREG-PV
967005,,CPRM-SUREG-PV
968004,,CPRM-SUREG-PV
1036007,,CPRM-SUREG-SA
1036063,,CPRM-SUREG-SA
1037049,,CPRM-SUREG-SA
1037078,,CPRM-SUREG-SA
1037079,,CPRM-SUREG-SA
1037080,,CPRM-SUREG-SA
1038031,,CPRM-SUREG-SA
1039025,,CPRM-SUREG-SA
1039039,,CPRM-SUREG-SA
1039040,,CPRM-SUREG-SA
1040025,,CPRM-SUREG-SA
1040027,,CPRM-SUREG-SA
1040036,,CPRM-SUREG-SA
1041013,,CPRM-SUREG-SA
1041014,,CPRM-SUREG-SA
1041015,,CPRM-SUREG-SA
1041016,,CPRM-SUREG-SA
1042015,,CPRM-SUREG-SA
1042017,,CPRM-SUREG-SA
1043012,,CPRM-SUREG-SA
1043013,,CPRM-SUREG-SA
1044008,,CPRM-SUREG-TE
1045006,,CPRM-SUREG-SA
1045013,,CPRM-SUREG-SA
1045014,,CPRM-SUREG-SA
1046001,,CPRM-SUREG-GO
1046002,,CPRM-SUREG-SA
1046008,,CPRM-SUREG-SA
1046009,,CPRM-SUREG-SA
1046010,,CPRM-SUREG-SA
1047002,,CPRM-SUREG-GO
1047004,,CPRM-SUREG-GO
1048000,,CPRM-SUREG-GO
1048001,,CPRM-SUREG-GO
1048005,,CPRM-SUREG-GO
1049001,,CPRM-SUREG-GO
1049002,,CPRM-SUREG-GO
1049003,,CPRM-SUREG-GO
1050000,,CPRM-SUREG-GO
1050002,,CPRM-SUREG-GO
1051001,,CPRM-SUREG-GO
1052000,,UFC-Cuiaba
1053001,,UFC-Cuiaba
1054000,,CPRM-SUREG-GO
1054002,,CPRM-SUREG-GO
1055002,,CPRM-SUREG-GO
1055004,,CPRM-SUREG-GO
1056001,,CPRM-SUREG-GO
1057001,,CPRM-SUREG-GO
1058002,,CPRM-SUREG-GO
1058003,,CPRM-SUREG-GO
1058004,,CPRM-SUREG-GO
1058005,,CPRM-SUREG-GO
1060001,,CPRM-SUREG-PV
1061002,,CPRM-SUREG-PV
1061003,,CPRM-SUREG-PV
1062002,,CPRM-SUREG-PV
1062003,,CPRM-SUREG-PV
1062004,,CPRM-SUREG-PV
1063000,,CPRM-SUREG-PV
1063001,,CPRM-SUREG-PV
1067003,,CPRM-SUREG-PV
1137001,,CPRM-SUREG-SA
1137042,,CPRM-SUREG-SA
1138002,,CPRM-SUREG-SA
1139022,,CPRM-SUREG-SA
1140000,,CPRM-SUREG-SA
1140010,,CPRM-SUREG-SA
1140031,,CPRM-SUREG-SA
1142017,,CPRM-SUREG-SA
1142020,,CPRM-SUREG-SA
1145019,,CPRM-SUREG-SA
1145020,,CPRM-SUREG-SA
1145024,,CPRM-SUREG-SA
1145033,,CPRM-SUREG-SA
1146000,,CPRM-SUREG-GO
1146005,,CPRM-SUREG-SA
1146006,,CPRM-SUREG-SA
1147000,,CPRM-SUREG-GO
1147001,,CPRM-SUREG-GO
1147002,,CPRM-SUREG-GO
1149000,,CPRM-SUREG-GO
1149001,,CPRM-SUREG-GO
1149002,,CPRM-SUREG-GO
1150006,,CPRM-SUREG-GO
1151000,,CPRM-SUREG-GO
1152000,,UFC-Cuiaba
1154001,,UFC-Cuiaba
1154002,,UFC-Cuiaba
1154004,,CPRM-SUREG-GO
1156000,,CPRM-SUREG-GO
1156001,,CPRM-SUREG-GO
1156002,,CPRM-SUREG-GO
1156003,,CPRM-SUREG-GO
1157001,,CPRM-SUREG-GO
1157002,,CPRM-SUREG-GO
1158002,,CPRM-SUREG-GO
1158004,,CPRM-SUREG-GO
1160000,,CPRM-SUREG-PV
1161000,,CPRM-SUREG-PV
1161002,,CPRM-SUREG-PV
1161003,,CPRM-SUREG-PV
1162003,,CPRM-SUREG-PV
1163000,,CPRM-SUREG-PV
1237003,,CPRM-SUREG-SA
1238010,,CPRM-SUREG-SA
1238042,,CPRM-SUREG-SA
1238046,,CPRM-SUREG-SA
1238051,,CPRM-SUREG-SA
1239042,,CPRM-SUREG-SA
1240034,,CPRM-SUREG-SA
1241027,,CPRM-SUREG-SA
1241028,,CPRM-SUREG-SA
1241032,,CPRM-SUREG-SA
1242015,,CPRM-SUREG-SA
1243019,,CPRM-SUREG-SA
1243020,,CPRM-SUREG-SA
1243028,,CPRM-SUREG-SA
1244020,,CPRM-SUREG-SA
1244022,,CPRM-SUREG-SA
1244023,,CPRM-SUREG-SA
1244025,,CPRM-SUREG-SA
1244026,,CPRM-SUREG-SA
1244027,,CPRM-SUREG-SA
1245014,,CPRM-SUREG-SA
1245015,,CPRM-SUREG-SA
1245016,,CPRM-SUREG-SA
1245036,,CPRM-SUREG-SA
1245037,,CPRM-SUREG-SA
1245038,,CPRM-SUREG-SA
1245039,,CPRM-SUREG-SA
1245040,,CPRM-SUREG-SA
1245041,,CPRM-SUREG-SA
1245042,,CPRM-SUREG-SA
1245043,,CPRM-SUREG-SA
1245044,,CPRM-SUREG-SA
1245045,,CPRM-SUREG-SA
1245046,,CPRM-SUREG-SA
1245047,,CPRM-SUREG-SA
1245048,,CPRM-SUREG-SA
1245049,,CPRM-SUREG-SA
1245050,,CPRM-SUREG-SA
1245051,,CPRM-SUREG-SA
1245052,,CPRM-SUREG-SA
1245053,,CPRM-SUREG-SA
1245054,,CPRM-SUREG-SA
1245055,,CPRM-SUREG-SA
1245056,,CPRM-SUREG-SA
1245057,,CPRM-SUREG-SA
1245058,,CPRM-SUREG-SA
1245059,,CPRM-SUREG-SA
1245060,,CPRM-SUREG-SA
1245061,,CPRM-SUREG-SA
1245062,,CPRM-SUREG-SA
1245063,,CPRM-SUREG-SA
1246000,,CPRM-SUREG-SA
1246001,,CPRM-SUREG-SA
1246008,,CPRM-SUREG-SA
1246017,,CPRM-SUREG-SA
1246018,,CPRM-SUREG-SA
1246019,,CPRM-SUREG-SA
1246020,,CPRM-SUREG-SA
1246021,,CPRM-SUREG-SA
1246022,,CPRM-SUREG-SA
1246023,,CPRM-SUREG-SA
1247000,,CPRM-SUREG-GO
1247002,,CPRM-SUREG-GO
1247005,,CPRM-SUREG-GO
1248003,,CPRM-SUREG-GO
1249000,,CPRM-SUREG-GO
1249001,,CPRM-SUREG-GO
1249005,,CPRM-SUREG-GO
1250000,,CPRM-SUREG-GO
1251000,,CPRM-SUREG-GO
1251001,,CPRM-SUREG-GO
1251002,,CPRM-SUREG-GO
1254001,,UFC-Cuiaba
1254003,,UFC-Cuiaba
1255002,,UFC-Cuiaba
1256002,,CPRM-SUREG-GO
1257000,,CPRM-SUREG-GO
1258001,,CPRM-SUREG-GO
1260006,,CPRM-SUREG-PV
1261001,,CPRM-SUREG-PV
1262001,,CPRM-SUREG-PV
1264003,,CPRM-SUREG-PV
1338009,,CPRM-SUREG-SA
1339000,,CPRM-SUREG-SA
1339012,,CPRM-SUREG-SA
1339020,,CPRM-SUREG-SA
1339041,,CPRM-SUREG-SA
1340037,,CPRM-SUREG-SA
1340038,,CPRM-SUREG-SA
1340039,,CPRM-SUREG-SA
1341047,,CPRM-SUREG-SA
1342024,,CPRM-SUREG-SA
1342025,,CPRM-SUREG-SA
1343019,,CPRM-SUREG-SA
1343025,,CPRM-SUREG-SA
1343026,,CPRM-SUREG-SA
1344002,,CPRM-SUREG-SA
1344028,,CPRM-SUREG-SA
1344031,,CPRM-SUREG-SA
1345000,,CPRM-SUREG-SA
1345002,,CPRM-SUREG-SA
1345004,,CPRM-SUREG-SA
1345008,,CPRM-SUREG-SA
1345013,,CPRM-SUREG-SA
1345014,,CPRM-SUREG-SA
1345015,,CPRM-SUREG-SA
1345016,,CPRM-SUREG-SA
1345017,,CPRM-SUREG-SA
1345018,,CPRM-SUREG-SA
1345019,,CPRM-SUREG-SA
1345020,,CPRM-SUREG-SA
1345021,,CPRM-SUREG-SA
1346000,,CPRM-SUREG-SA
1346002,,CPRM-SUREG-GO
1346004,,CPRM-SUREG-GO
1346006,,CPRM-SUREG-SA
1346007,,CPRM-SUREG-SA
1346009,,CPRM-SUREG-SA
1346015,,CPRM-SUREG-SA
1346016,,CPRM-SUREG-SA
1346017,,CPRM-SUREG-SA
1346018,,CPRM-SUREG-SA
1347001,,CPRM-SUREG-GO
1348000,,CPRM-SUREG-GO
1348003,,CPRM-SUREG-GO
1349000,,CPRM-SUREG-GO
1349001,,CPRM-SUREG-GO
1349002,,CPRM-SUREG-GO
1349003,,CPRM-SUREG-GO
1350001,,CPRM-SUREG-GO
1350002,,CPRM-SUREG-GO
1352000,,UFC-Cuiaba
1352001,,UFC-Cuiaba
1352002,,CPRM-SUREG-GO
1353001,,UFC-Cuiaba
1354000,,UFC-Cuiaba
1354001,,UFC-Cuiaba
1356002,,CPRM-SUREG-GO
1356004,,CPRM-SUREG-GO
1357000,,CPRM-SUREG-GO
1357001,,CPRM-SUREG-GO
1358001,,CPRM-SUREG-GO
1358005,,CPRM-SUREG-GO
1359000,,CPRM-SUREG-GO
1359001,,CPRM-SUREG-GO
1360000,,CPRM-SUREG-PV
1360001,,CPRM-SUREG-PV
1360003,,CPRM-SUREG-GO
1439001,,CPRM-SUREG-SA
1439002,,CPRM-SUREG-SA
1439044,,CPRM-SUREG-SA
1439089,,CPRM-SUREG-SA
1439115,,CPRM-SUREG-SA
1440009,,CPRM-SUREG-SA
1440034,,CPRM-SUREG-SA
1440035,,CPRM-SUREG-SA
1440037,,CPRM-SUREG-SA
1440038,,CPRM-SUREG-SA
1441034,,CPRM-SUREG-SA
1441035,,CPRM-SUREG-SA
1441036,,CPRM-SUREG-SA
1441037,,CPRM-SUREG-SA
1441038,,CPRM-SUREG-SA
1442031,,CPRM-SUREG-BH
1442040,,CPRM-SUREG-BH
1442042,,CPRM-SUREG-SA
1442043,,CPRM-SUREG-SA
1442044,,CPRM-SUREG-SA
1442045,,CPRM-SUREG-SA
1442046,,CPRM-SUREG-SA
1443026,,CPRM-SUREG-SA
1443029,,CPRM-SUREG-BH
1443030,,CPRM-SUREG-BH
1444003,,CPRM-SUREG-BH
1444004,,CPRM-SUREG-BH
1444028,,CPRM-SUREG-BH
1445000,,CPRM-SUREG-BH
1445004,,CPRM-SUREG-SA
1445005,,CPRM-SUREG-SA
1445006,,CPRM-SUREG-SA
1445010,,CPRM-SUREG-SA
1445011,,CPRM-SUREG-SA
1446004,,CPRM-SUREG-GO
1446008,,CPRM-SUREG-SA
1446016,,CPRM-SUREG-SA
1447000,,CPRM-SUREG-GO
1447002,,CPRM-SUREG-GO
1448001,,CPRM-SUREG-GO
1448004,,CPRM-SUREG-GO
1448005,,CPRM-SUREG-GO
1449000,,CPRM-SUREG-GO
1449001,,CPRM-SUREG-GO
1449002,,CPRM-SUREG-GO
1449003,,CPRM-SUREG-GO
1450000,,CPRM-SUREG-GO
1450001,,CPRM-SUREG-GO
1450002,,CPRM-SUREG-GO
1452004,,CPRM-SUREG-GO
1454000,,CPRM-SUREG-GO
1454002,,CPRM-SUREG-GO
1455008,,CPRM-SUREG-GO
1455009,,CPRM-SUREG-GO
1455010,,CPRM-SUREG-GO
1456001,,CPRM-SUREG-GO
1456009,,CPRM-SUREG-GO
1457000,,CPRM-SUREG-GO
1457001,,CPRM-SUREG-GO
1457003,,CPRM-SUREG-GO
1457004,,CPRM-SUREG-GO
1458002,,CPRM-SUREG-GO
1459003,,CPRM-SUREG-GO
1538001,,CPRM-SUREG-SA
1539002,,CPRM-SUREG-SA
1539016,,CPRM-SUREG-SA
1539022,,CPRM-SUREG-SA
1539048,,CPRM-SUREG-SA
1540019,,CPRM-SUREG-BH
1540020,,CPRM-SUREG-BH
1541010,,CPRM-SUREG-SA
1541025,,CPRM-SUREG-SA
1542014,,CPRM-SUREG-SA
1542015,,CPRM-SUREG-SA
1542016,,CPRM-SUREG-BH
1542026,,CPRM-SUREG-SA
1543018,,CPRM-SUREG-BH
1543019,,CPRM-SUREG-BH
1543020,,CPRM-SUREG-BH
1543024,,CPRM-SUREG-BH
1544017,,CPRM-SUREG-BH
1544018,,CPRM-SUREG-BH
1544019,,CPRM-SUREG-BH
1544030,,CPRM-SUREG-BH
1544032,,CPRM-SUREG-BH
1544036,,CPRM-SUREG-BH
1544037,,CPRM-SUREG-BH
1545002,,CPRM-SUREG-BH
1545004,,CPRM-SUREG-BH
1545005,,CPRM-SUREG-BH
1545006,,CPRM-SUREG-BH
1545008,,CPRM-SUREG-BH
1546001,,CPRM-SUREG-BH
1546005,,CPRM-SUREG-BH
1546011,,CPRM-SUREG-BH
1547032,,CPRM-SUREG-GO
1547043,,CPRM-SUREG-GO
1547079,,CPRM-SUREG-GO
1548001,,CPRM-SUREG-GO
1548003,,CPRM-SUREG-GO
1548011,,CPRM-SUREG-GO
1548020,,CPRM-SUREG-GO
1549001,,CPRM-SUREG-GO
1549002,,CPRM-SUREG-GO
1549004,,CPRM-SUREG-GO
1550000,,CPRM-SUREG-GO
1550001,,CPRM-SUREG-GO
1551000,,CPRM-SUREG-GO
1551003,,CPRM-SUREG-GO
1552001,,CPRM-SUREG-GO
1552006,,CPRM-SUREG-GO
1553003,,CPRM-SUREG-GO
1554005,,CPRM-SUREG-GO
1554006,,CPRM-SUREG-GO
1555005,,CPRM-SUREG-GO
1555008,,CPRM-SUREG-GO
1556000,,CPRM-SUREG-GO
1556001,,CPRM-SUREG-GO
1556006,,CPRM-SUREG-GO
1556007,,CPRM-SUREG-GO
1557003,,CPRM-SUREG-GO
1557005,,CPRM-SUREG-GO
1558000,,CPRM-SUREG-GO
1558001,,CPRM-SUREG-GO
1558004,,CPRM-SUREG-GO
1560000,,CPRM-SUREG-GO
1639000,,CPRM-SUREG-BH
1640009,,CPRM-SUREG-BH
1640010,,CPRM-SUREG-BH
1641010,,CPRM-SUREG-BH
1641011,,CPRM-SUREG-BH
1641013,,CPRM-SUREG-BH
1641023,,CPRM-SUREG-BH
1641024,,CPRM-SUREG-BH
1641025,,CPRM-SUREG-BH
1642027,,CPRM-SUREG-BH
1642028,,CPRM-SUREG-BH
1643027,,CPRM-SUREG-BH
1643028,,CPRM-SUREG-BH
1643036,,CPRM-SUREG-BH
1643037,,CPRM-SUREG-BH
1643038,,CPRM-SUREG-BH
1644027,,CPRM-SUREG-BH
1644028,,CPRM-SUREG-BH
1644032,,CPRM-SUREG-BH
1644033,,CPRM-SUREG-BH
1644034,,CPRM-SUREG-BH
1644042,,CPRM-SUREG-BH
1645002,,CPRM-SUREG-BH
1645005,,CPRM-SUREG-BH
1645013,,CPRM-SUREG-BH
1645019,,CPRM-SUREG-BH
1645020,,CPRM-SUREG-BH
1646003,,CPRM-SUREG-BH
1646004,,CPRM-SUREG-BH
1648001,,CPRM-SUREG-GO
1649000,,CPRM-SUREG-GO
1649001,,CPRM-SUREG-GO
1649004,,CPRM-SUREG-GO
1649007,,CPRM-SUREG-GO
1649009,,CPRM-SUREG-GO
1649010,,CPRM-SUREG-GO
1649012,,CPRM-SUREG-GO
1649022,,CPRM-SUREG-GO
1650000,,CPRM-SUREG-GO
1650001,,CPRM-SUREG-GO
1650002,,CPRM-SUREG-GO
1650003,,CPRM-SUREG-GO
1651000,,CPRM-SUREG-GO
1651001,,CPRM-SUREG-GO
1652000,,CPRM-SUREG-GO
1652001,,CPRM-SUREG-GO
1652003,,CPRM-SUREG-GO
1653002,,CPRM-SUREG-GO
1653004,,CPRM-SUREG-GO
1653005,,CPRM-SUREG-GO
1654001,,CPRM-SUREG-GO
1654004,,CPRM-SUREG-GO
1654005,,CPRM-SUREG-GO
1655000,,CPRM-SUREG-GO
1655004,,CPRM-SUREG-GO
1656002,,CPRM-SUREG-GO
1657004,,CPRM-SUREG-GO
1658000,,CPRM-SUREG-GO
1659001,,CPRM-SUREG-GO
1739001,,CPRM-SUREG-BH
1739006,,CPRM-SUREG-BH
1739010,,CPRM-SUREG-BH
1739021,,CPRM-SUREG-BH
1740001,,CPRM-SUREG-BH
1740008,,CPRM-SUREG-BH
1740033,,CPRM-SUREG-BH
1741006,,CPRM-SUREG-BH
1741007,,CPRM-SUREG-BH
1741009,,CPRM-SUREG-BH
1741013,,CPRM-SUREG-BH
1741019,,CPRM-SUREG-BH
1741020,,CPRM-SUREG-BH
1742014,,CPRM-SUREG-BH
1742017,,CPRM-SUREG-BH
1742019,,CPRM-SUREG-BH
1742023,,CPRM-SUREG-BH
1742033,,CPRM-SUREG-BH
1743016,,CPRM-SUREG-BH
1744030,,CPRM-SUREG-BH
1744044,,CPRM-SUREG-BH
1744045,,CPRM-SUREG-BH
1745014,,CPRM-SUREG-BH
1745016,,CPRM-SUREG-BH
1745017,,CPRM-SUREG-BH
1746001,,CPRM-SUREG-BH
1746006,,CPRM-SUREG-BH
1746007,,CPRM-SUREG-BH
1746018,,CPRM-SUREG-BH
1747005,,CPRM-SUREG-BH
1748004,,CPRM-SUREG-GO
1749000,,CPRM-SUREG-GO
1749002,,CPRM-SUREG-GO
1749003,,CPRM-SUREG-GO
1749004,,CPRM-SUREG-GO
1749005,,CPRM-SUREG-GO
1749009,,CPRM-SUREG-GO
1750013,,CPRM-SUREG-GO
1751001,,CPRM-SUREG-GO
1751002,,CPRM-SUREG-GO
1752002,,CPRM-SUREG-GO
1752006,,CPRM-SUREG-GO
1753002,,CPRM-SUREG-GO
1754002,,CPRM-SUREG-GO
1754004,,CPRM-SUREG-GO
1755000,,CPRM-SUREG-GO
1839000,,CPRM-SUREG-BH
1839001,,CPRM-SUREG-BH
1839006,,CPRM-SUREG-BH
1840000,,CPRM-SUREG-BH
1840003,,CPRM-SUREG-BH
1840007,,CPRM-SUREG-BH
1840008,,CPRM-SUREG-BH
1840010,,CPRM-SUREG-BH
1840012,,CPRM-SUREG-BH
1840013,,CPRM-SUREG-BH
1840015,,CPRM-SUREG-BH
1840016,,CPRM-SUREG-BH
1840017,,CPRM-SUREG-BH
1841006,,CPRM-SUREG-BH
1841007,,CPRM-SUREG-BH
1841008,,CPRM-SUREG-BH
1841009,,CPRM-SUREG-BH
1841010,,CPRM-SUREG-BH
1841011,,CPRM-SUREG-BH
1841018,,CPRM-SUREG-BH
1841019,,CPRM-SUREG-BH
1841021,,CPRM-SUREG-BH
1842005,,CPRM-SUREG-BH
1842007,,CPRM-SUREG-BH
1842008,,CPRM-SUREG-BH
1842020,,CPRM-SUREG-BH
1843000,,CPRM-SUREG-BH
1843002,,CPRM-SUREG-BH
1843003,,CPRM-SUREG-BH
1843011,,CPRM-SUREG-BH
1843012,,CPRM-SUREG-BH
1843015,,CPRM-SUREG-BH
1843020,,CPRM-SUREG-BH
1844009,,CPRM-SUREG-BH
1844010,,CPRM-SUREG-BH
1844017,,CPRM-SUREG-BH
1844019,,CPRM-SUREG-BH
1844024,,CPRM-SUREG-BH
1845002,,CPRM-SUREG-BH
1845004,,CPRM-SUREG-BH
1845013,,CPRM-SUREG-BH
1845014,,CPRM-SUREG-BH
1845021,,CPRM-SUREG-BH
1845027,,CPRM-SUREG-BH
1845032,,CPRM-SUREG-BH
1846002,,CPRM-SUREG-BH
1846004,,CPRM-SUREG-BH
1846005,,CPRM-SUREG-BH
1846006,,CPRM-SUREG-BH
1846015,,CPRM-SUREG-BH
1846016,,CPRM-SUREG-BH
1846017,,CPRM-SUREG-BH
1846019,,CPRM-SUREG-BH
1846023,,CPRM-SUREG-BH
1846031,,CPRM-SUREG-BH
1847000,,CPRM-SUREG-BH
1847006,,CPRM-SUREG-BH
1847007,,CPRM-SUREG-BH
1847008,,CPRM-SUREG-BH
1847011,,CPRM-SUREG-BH
1848000,,CPRM-SUREG-BH
1848006,,CPRM-SUREG-BH
1848007,,CPRM-SUREG-GO
1848008,,CPRM-SUREG-BH
1848009,,CPRM-SUREG-BH
1848010,,CPRM-SUREG-BH
1849002,,CPRM-SUREG-BH
1849006,,CPRM-SUREG-BH
1849026,,CPRM-SUREG-BH
1851000,,CPRM-SUREG-GO
1851002,,CPRM-SUREG-GO
1851004,,CPRM-SUREG-GO
1851005,,CPRM-SUREG-GO
1852000,,CPRM-SUREG-GO
1852002,,CPRM-SUREG-GO
1852003,,CPRM-SUREG-GO
1853000,,CPRM-SUREG-GO
1853002,,CPRM-SUREG-GO
1853004,,CPRM-SUREG-GO
1853005,,CPRM-SUREG-GO
1854001,,CPRM-SUREG-GO
1854002,,CPRM-SUREG-GO
1854003,,CPRM-SUREG-GO
1939002,,CPRM-SUREG-BH
1940000,,CPRM-SUREG-BH
1940001,,CPRM-SUREG-BH
1940002,,CPRM-SUREG-BH
1940003,,CPRM-SUREG-BH
1940005,,CPRM-SUREG-BH
1940006,,CPRM-SUREG-BH
1940007,,CPRM-SUREG-BH
1940009,,CPRM-SUREG-BH
1940010,,CPRM-SUREG-BH
1940012,,CPRM-SUREG-BH
1940013,,CPRM-SUREG-BH
1940020,,CPRM-SUREG-BH
1940021,,CPRM-SUREG-BH
1940022,,CPRM-SUREG-BH
1940023,,CPRM-SUREG-BH
1941004,,CPRM-SUREG-BH
1941005,,CPRM-SUREG-BH
1941009,,CPRM-SUREG-BH
1941011,,CPRM-SUREG-BH
1941012,,CPRM-SUREG-BH
1941018,,CPRM-SUREG-BH
1941021,,CPRM-SUREG-BH
1942002,,CPRM-SUREG-BH
1942006,,CPRM-SUREG-BH
1942029,,CPRM-SUREG-BH
1942031,,CPRM-SUREG-BH
1942032,,CPRM-SUREG-BH
1943000,,CPRM-SUREG-BH
1943002,,CPRM-SUREG-BH
1943004,,CPRM-SUREG-BH
1943006,,CPRM-SUREG-BH
1943007,,CPRM-SUREG-BH
1943008,,CPRM-SUREG-BH
1943022,,CPRM-SUREG-BH
1943025,,CPRM-SUREG-BH
1943027,,CPRM-SUREG-BH
1943035,,CPRM-SUREG-BH
1943042,,CPRM-SUREG-BH
1944007,,CPRM-SUREG-BH
1944009,,CPRM-SUREG-BH
1944010,,CPRM-SUREG-BH
1944011,,CPRM-SUREG-BH
1944020,,CPRM-SUREG-BH
1944021,,CPRM-SUREG-BH
1944024,,CPRM-SUREG-BH
1944026,,CPRM-SUREG-BH
1944027,,CPRM-SUREG-BH
1944049,,CPRM-SUREG-BH
1944055,,CPRM-SUREG-BH
1944059,,CPRM-SUREG-BH
1944062,,CPRM-SUREG-BH
1944063,,CPRM-SUREG-BH
1944068,,CPRM-SUREG-BH
1944082,,CPRM-SUREG-BH
1945008,,CPRM-SUREG-BH
1945019,,CPRM-SUREG-BH
1945035,,CPRM-SUREG-BH
1945039,,CPRM-SUREG-BH
1946000,,CPRM-SUREG-BH
1946005,,CPRM-SUREG-BH
1946008,,CPRM-SUREG-BH
1946009,,CPRM-SUREG-BH
1946010,,CPRM-SUREG-BH
1946011,,CPRM-SUREG-BH
1946018,,CPRM-SUREG-BH
1946019,,CPRM-SUREG-BH
1946020,,CPRM-SUREG-BH
1946022,,CPRM-SUREG-BH
1947001,,CPRM-SUREG-BH
1947002,,CPRM-SUREG-BH
1947006,,CPRM-SUREG-BH
1947007,,CPRM-SUREG-BH
1947008,,CPRM-SUREG-BH
1947009,,CPRM-SUREG-BH
1947025,,CPRM-SUREG-BH
1947026,,CPRM-SUREG-BH
1948003,,CPRM-SUREG-BH
1948007,,CPRM-SUREG-BH
1948010,,CPRM-SUREG-BH
1948014,,CPRM-SUREG-BH
1948016,,CPRM-SUREG-BH
1949000,,CPRM-SUREG-BH
1949003,,CPRM-SUREG-BH
1949004,,CPRM-SUREG-BH
1949005,,CPRM-SUREG-BH
1949007,,CPRM-SUREG-BH
1950000,,CPRM-SUREG-BH
1950012,,CPRM-SUREG-BH
1950017,,CPRM-SUREG-BH
1950018,,CPRM-SUREG-BH
1951003,,CPRM-SUREG-GO
1951004,,CPRM-SUREG-GO
1951005,,CPRM-SUREG-GO
1952000,,CPRM-SUREG-GO
1952001,,CPRM-SUREG-GO
1952002,,CPRM-SUREG-GO
1953001,,CPRM-SUREG-GO
1953003,,CPRM-SUREG-GO
1954002,,CPRM-SUREG-GO
1954003,,CPRM-SUREG-GO
1954004,,CPRM-SUREG-GO
1954005,,CPRM-SUREG-GO
1954006,,CPRM-SUREG-GO
1955000,,CPRM-SUREG-GO
1956003,,CPRM-SUREG-GO
1956005,,CPRM-SUREG-GO
1957005,,CPRM-SUREG-GO
2040003,,CPRM-SUREG-BH
2040004,,CPRM-SUREG-BH
2040005,,CPRM-SUREG-BH
2040007,,CPRM-SUREG-BH
2040008,,CPRM-SUREG-BH
2040009,,CPRM-SUREG-BH
2040011,,CPRM-SUREG-BH
2040012,,CPRM-SUREG-BH
2040014,,CPRM-SUREG-BH
2040017,,CPRM-SUREG-BH
2040018,,CPRM-SUREG-BH
2040020,,CPRM-SUREG-BH
2040022,,CPRM-SUREG-BH
2040023,,CPRM-SUREG-BH
2041000,,CPRM-SUREG-BH
2041008,,CPRM-SUREG-BH
2041010,,CPRM-SUREG-BH
2041011,,CPRM-SUREG-BH
2041015,,CPRM-SUREG-BH
2041017,,CPRM-SUREG-BH
2041020,,CPRM-SUREG-BH
2041021,,CPRM-SUREG-BH
2041023,,CPRM-SUREG-BH
2041046,,CPRM-SUREG-SP
2042014,,CPRM-SUREG-SP
2042017,,CPRM-SUREG-BH
2042040,,CPRM-SUREG-BH
2043002,,CPRM-SUREG-BH
2043004,,CPRM-SUREG-BH
2043005,,CPRM-SUREG-BH
2043009,,CPRM-SUREG-BH
2043013,,CPRM-SUREG-BH
2043018,,CPRM-SUREG-BH
2043025,,CPRM-SUREG-BH
2043042,,CPRM-SUREG-BH
2043043,,CPRM-SUREG-BH
2043059,,CPRM-SUREG-BH
2044002,,CPRM-SUREG-BH
2044006,,CPRM-SUREG-BH
2044008,,CPRM-SUREG-BH
2044009,,CPRM-SUREG-BH
2044012,,CPRM-SUREG-BH
2044016,,CPRM-SUREG-BH
2044019,,CPRM-SUREG-BH
2044020,,CPRM-SUREG-BH
2044021,,CPRM-SUREG-BH
2044024,,CPRM-SUREG-BH
2044026,,CPRM-SUREG-BH
2044027,,IGAM-MG
2044037,,CPRM-SUREG-BH
2044038,,IGAM-MG
2044041,,CPRM-SUREG-BH
2044042,,CPRM-SUREG-BH
2044043,,CPRM-SUREG-BH
2044050,,IGAM-MG
2044053,,CPRM-SUREG-BH
2044054,,CPRM-SUREG-BH
2045001,,CPRM-SUREG-BH
2045005,,CPRM-SUREG-BH
2045010,,CPRM-SUREG-BH
2045011,,CPRM-SUREG-BH
2045012,,CPRM-SUREG-BH
2045013,,CPRM-SUREG-BH
2045020,,CPRM-SUREG-BH
2045026,,CPRM-SUREG-BH
2046009,,CPRM-SUREG-BH
2046011,,CPRM-SUREG-BH
2047007,,CPRM-SUREG-BH
2047016,,CPRM-SUREG-BH
2047019,,CONSTRUFAM-SP
2047032,,CONSTRUFAM-SP
2047101,,CPRM-SUREG-BH
2047102,,CPRM-SUREG-BH
2047116,,CPRM-SUREG-BH
2048002,,CPRM-SUREG-BH
2048004,,CPRM-SUREG-BH
2048020,,CONSTRUFAM-SP
2048033,,CONSTRUFAM-SP
2048090,,CONSTRUFAM-SP
2048102,,CPRM-SUREG-BH
2049072,,CPRM-SUREG-BH
2051045,,CPRM-SUREG-GO
2051046,,CPRM-SUREG-BH
2052003,,CPRM-SUREG-GO
2052004,,CPRM-SUREG-GO
2053001,,CPRM-SUREG-GO
2054005,,CPRM-SUREG-GO
2054009,,CPRM-SUREG-GO
2054014,,CPRM-SUREG-GO
2054019,,CPRM-SUREG-GO
2054020,,CPRM-SUREG-GO
2054021,,CPRM-SUREG-GO
2055001,,CPRM-SUREG-GO
2055003,,CPRM-SUREG-GO
2055004,,CPRM-SUREG-GO
2056005,,CPRM-SUREG-GO
2056007,,CPRM-SUREG-GO
2057001,,CPRM-SUREG-GO
2140000,,CPRM-SUREG-BH
2141001,,CPRM-SUREG-SP
2141017,,CPRM-SUREG-SP
2142008,,CPRM-SUREG-SP
2142015,,CPRM-SUREG-SP
2142022,,CPRM-SUREG-SP
2142058,,CPRM-SUREG-SP
2143000,,CPRM-SUREG-SP
2143003,,CPRM-SUREG-BH
2143007,,CPRM-SUREG-BH
2143009,,IGAM-MG
2143011,,CPRM-SUREG-SP
2143016,,CPRM-SUREG-SP
2143019,,CPRM-SUREG-SP
2143062,,CPRM-SUREG-SP
2144002,,IGAM-MG
2144003,,IGAM-MG
2144010,,IGAM-MG
2144016,,CPRM-SUREG-SP
2144020,,IGAM-MG
2144037,,IGAM-MG
2144038,,IGAM-MG
2145009,,IGAM-MG
2145017,,IGAM-MG
2145032,,CPRM-SUREG-BH
2145041,,CPRM-SUREG-BH
2145042,,CPRM-SUREG-BH
2145043,,CPRM-SUREG-BH
2145044,,CPRM-SUREG-BH
2146028,,CPRM-SUREG-BH
2146030,,CPRM-SUREG-BH
2146078,,CPRM-SUREG-BH
2146081,,CPRM-SUREG-BH
2147022,,CONSTRUFAM-SP
2147054,,CPRM-SUREG-BH
2147165,,CONSTRUFAM-SP
2148050,,CONSTRUFAM-SP
2148167,,CONSTRUFAM-SP
2148168,,CONSTRUFAM-SP
2152000,,CPRM-SUREG-GO
2152001,,CPRM-SUREG-GO
2152005,,CPRM-SUREG-GO
2152014,,CPRM-SUREG-GO
2152016,,CPRM-SUREG-GO
2153000,,CPRM-SUREG-GO
2153003,,CPRM-SUREG-GO
2153004,,CPRM-SUREG-GO
2154001,,CPRM-SUREG-GO
2154006,,CPRM-SUREG-GO
2154007,,CPRM-SUREG-GO
2155000,,CPRM-SUREG-GO
2155001,,CPRM-SUREG-GO
2156000,,CPRM-SUREG-GO
2156001,,CPRM-SUREG-GO
2157003,,CPRM-SUREG-GO
2157005,,CPRM-SUREG-GO
2241001,,CPRM-SUREG-SP
2241002,,CPRM-SUREG-SP
2241004,,CPRM-SUREG-SP
2242001,,CPRM-SUREG-SP
2242002,,CPRM-SUREG-SP
2242005,,CPRM-SUREG-SP
2242006,,CPRM-SUREG-SP
2242007,,CPRM-SUREG-SP
2242008,,CPRM-SUREG-SP
2242010,,CPRM-SUREG-SP
2242011,,CPRM-SUREG-SP
2242012,,CPRM-SUREG-SP
2242013,,CPRM-SUREG-SP
2242014,,CPRM-SUREG-SP
2242016,,CPRM-SUREG-SP
2242017,,CPRM-SUREG-SP
2242018,,CPRM-SUREG-SP
2242019,,CPRM-SUREG-SP
2242020,,CPRM-SUREG-SP
2242022,,CPRM-SUREG-SP
2242024,,CPRM-SUREG-SP
2242025,,CPRM-SUREG-SP
2242026,,CPRM-SUREG-SP
2242033,,CPRM-SUREG-SP
2243002,,CPRM-SUREG-SP
2243004,,CPRM-SUREG-SP
2243005,,CPRM-SUREG-SP
2243006,,CPRM-SUREG-SP
2243007,,CPRM-SUREG-SP
2243010,,CPRM-SUREG-SP
2243011,,CPRM-SUREG-SP
2243013,,CPRM-SUREG-SP
2243015,,CPRM-SUREG-SP
2243202,,CPRM-SUREG-SP
2243250,,CPRM-SUREG-SP
2243268,,CPRM-SUREG-SP
2244010,,CPRM-SUREG-SP
2244030,,CPRM-SUREG-SP
2244033,,CPRM-SUREG-SP
2244034,,CPRM-SUREG-SP
2244035,,CPRM-SUREG-SP
2244037,,CPRM-SUREG-SP
2244039,,CPRM
2244044,,CPRM-SUREG-SP
2244045,,CPRM-SUREG-SP
2244047,,CPRM
2244048,,CPRM-SUREG-SP
2244049,,CPRM-SUREG-SP
2244054,,IGAM-MG
2244057,,IGAM-MG
2244058,,CPRM
2244064,,IGAM-MG
2244071,,IGAM-MG
2244148,,CPRM-SUREG-SP
2244149,,CPRM-SUREG-SP
2245010,,IGAM-MG
2245077,,IGAM-MG
2245080,,IGAM-MG
2245084,,IGAM-MG
2245085,,IGAM-MG
2245088,,IGAM-MG
2245089,,IGAM-MG
2245090,,IGAM-MG
2245104,,IGAM-MG
2246003,,CONSTRUFAM-SP
2246009,,CONSTRUFAM-SP
2246033,,CONSTRUFAM-SP
2246038,,CONSTRUFAM-SP
2246050,,IGAM-MG
2246057,,IGAM-MG
2246127,,IGAM-MG
2246167,,CPRM-SUREG-SP
2246168,,CPRM-SUREG-SP
2246169,,CPRM-SUREG-SP
2246170,,CPRM-SUREG-SP
2246171,,CPRM-SUREG-SP
2247059,,CONSTRUFAM-SP
2247182,,CONSTRUFAM-SP
2247184,,CONSTRUFAM-SP
2247196,,CONSTRUFAM-SP
2247197,,CONSTRUFAM-SP
2247198,,CONSTRUFAM-SP
2249103,,CONSTRUFAM-SP
2250024,,CONSTRUFAM-SP
2252000,,CPRM-SUREG-GO
2253002,,IAT-PR
2253014,,CPRM-SUREG-GO
2253016,,IAT-PR
2254000,,CPRM-SUREG-GO
2254003,,CPRM-SUREG-GO
2254005,,CPRM-SUREG-GO
2255002,,CPRM-SUREG-GO
2255003,,CPRM-SUREG-GO
2255004,,CPRM-SUREG-GO
2256001,,CPRM-SUREG-GO
2257000,,CPRM-SUREG-GO
2344006,,CPRM-SUREG-SP
2344008,,CPRM-SUREG-SP
2344009,,CPRM-SUREG-SP
2344016,,CPRM-SUREG-SP
2344019,,CPRM-SUREG-SP
2345062,,CPRM-SUREG-SP
2345063,,CPRM-SUREG-SP
2345076,,CONSTRUFAM-SP
2345191,,CPRM-SUREG-SP
2346097,,CONSTRUFAM-SP
2346100,,CONSTRUFAM-SP
2346101,,CONSTRUFAM-SP
2346103,,CONSTRUFAM-SP
2347054,,CONSTRUFAM-SP
2347055,,CONSTRUFAM-SP
2347056,,CONSTRUFAM-SP
2347058,,CONSTRUFAM-SP
2347061,,CONSTRUFAM-SP
2348033,,CONSTRUFAM-SP
2348088,,CONSTRUFAM-SP
2349005,,CONSTRUFAM-SP
2349007,,CONSTRUFAM-SP
2349020,,CONSTRUFAM-SP
2349030,,IAT-PR
2351013,,IAT-PR
2352000,,IAT-PR
2353001,,IAT-PR
2353044,,IAT-PR
2353048,,CPRM-SUREG-GO
2354001,,CPRM-SUREG-GO
2354004,,CPRM-SUREG-GO
2355000,,CPRM-SUREG-GO
2355001,,CPRM-SUREG-GO
2355003,,CPRM-SUREG-GO
2447074,,CONSTRUFAM-SP
2447075,,CONSTRUFAM-SP
2447095,,DAEE-SP
2447096,,DAEE-SP
2448083,,DAEE-SP
2449019,,IAT-PR
2451014,,IAT-PR
2451015,,IAT-PR
2452051,,IAT-PR
2453009,,IAT-PR
2453013,,IAT-PR
2548000,,IAT-PR
2548001,,IAT-PR
2548003,,IAT-PR
2549003,,IAT-PR
2549004,,IAT-PR
2549076,,IAT-PR
2549077,,IAT-PR
2549080,,IAT-PR
2549081,,IAT-PR
2550003,,IAT-PR
2550005,,IAT-PR
2550006,,IAT-PR
2551000,,IAT-PR
2551001,,IAT-PR
2551024,,IAT-PR
2551033,,IAT-PR
2551047,,IAT-PR
2552000,,IAT-PR
2552002,,IAT-PR
2552041,,IAT-PR
2553024,,IAT-PR
2553057,,IAT-PR
2648014,,EPAGRI-SC
2648019,,EPAGRI-SC
2648020,,EPAGRI-SC
2648027,,EPAGRI-SC
2648028,,EPAGRI-SC
2649002,,EPAGRI-SC
2649009,,EPAGRI-SC
2649010,,EPAGRI-SC
2649017,,EPAGRI-SC
2649021,,IAT-PR
2649053,,EPAGRI-SC
2649054,,IAT-PR
2649055,,IAT-PR
2649056,,IAT-PR
2649057,,IAT-PR
2649058,,EPAGRI-SC
2649060,,EPAGRI-SC
2649061,,EPAGRI-SC
2649064,,EPAGRI-SC
2649065,,EPAGRI-SC
2650015,,IAT-PR
2650016,,IAT-PR
2650018,,IAT-PR
2650019,,CPRM-SUREG-PA
2650022,,EPAGRI-SC
2650023,,EPAGRI-SC
2650032,,CPRM-SUREG-PA
2651001,,CPRM-SUREG-PA
2651022,,CPRM-SUREG-PA
2651031,,IAT-PR
2651036,,CPRM-SUREG-PA
2651040,,CPRM-SUREG-PA
2651044,,IAT-PR
2651052,,CPRM-SUREG-PA
2652002,,CPRM-SUREG-PA
2652021,,CPRM-SUREG-PA
2652031,,CPRM-SUREG-PA
2652034,,CPRM-SUREG-PA
2652045,,CPRM-SUREG-PA
2653001,,CPRM-SUREG-PA
2653002,,CPRM-SUREG-PA
2653003,,CPRM-SUREG-PA
2653005,,CPRM-SUREG-PA
2653009,,IAT-PR
2653013,,CPRM-SUREG-PA
2653029,,CPRM-SUREG-PA
2748000,,EPAGRI-SC
2748003,,EPAGRI-SC
2748016,,EPAGRI-SC
2748017,,EPAGRI-SC
2748018,,EPAGRI-SC
2748019,,EPAGRI-SC
2749000,,EPAGRI-SC
2749005,,EPAGRI-SC
2749006,,EPAGRI-SC
2749007,,EPAGRI-SC
2749013,,EPAGRI-SC
2749015,,EPAGRI-SC
2749016,,EPAGRI-SC
2749017,,EPAGRI-SC
2749020,,EPAGRI-SC
2749027,,EPAGRI-SC
2749033,,EPAGRI-SC
2749034,,EPAGRI-SC
2749035,,CPRM-SUREG-PA
2749041,,EPAGRI-SC
2749048,,EPAGRI-SC
2750001,,CPRM-SUREG-PA
2750007,,CPRM-SUREG-PA
2750008,,CPRM-SUREG-PA
2750010,,CPRM-SUREG-PA
2750011,,CPRM-SUREG-PA
2750012,,CPRM-SUREG-PA
2750020,,CPRM-SUREG-PA
2750021,,EPAGRI-SC
2751001,,CPRM-SUREG-PA
2751004,,CPRM-SUREG-PA
2751006,,CPRM-SUREG-PA
2751007,,CPRM-SUREG-PA
2751011,,CPRM-SUREG-PA
2751012,,CPRM-SUREG-PA
2751015,,CPRM-SUREG-PA
2751017,,CPRM-SUREG-PA
2751018,,CPRM-SUREG-PA
2751021,,CPRM-SUREG-PA
2751022,,CPRM-SUREG-PA
2751025,,CPRM-SUREG-PA
2752005,,CPRM-SUREG-PA
2752006,,CPRM-SUREG-PA
2752017,,CPRM-SUREG-PA
2752021,,CPRM-SUREG-PA
2753002,,CPRM-SUREG-PA
2753006,,CPRM-SUREG-PA
2753007,,CPRM-SUREG-PA
2753013,,CPRM-SUREG-PA
2753014,,CPRM-SUREG-PA
2753015,,CPRM-SUREG-PA
2753016,,CPRM-SUREG-PA
2753024,,CPRM-SUREG-PA
2753025,,CPRM-SUREG-PA
2753026,,CPRM-SUREG-PA
2754007,,CPRM-SUREG-PA
2754010,,CPRM-SUREG-PA
2754013,,CPRM-SUREG-PA
2754014,,CPRM-SUREG-PA
2754015,,CPRM-SUREG-PA
2848006,,EPAGRI-SC
2848007,,EPAGRI-SC
2848009,,EPAGRI-SC
2849005,,EPAGRI-SC
2849009,,CPRM-SUREG-PA
2849019,,EPAGRI-SC
2849020,,EPAGRI-SC
2849021,,CPRM-SUREG-PA
2849022,,EPAGRI-SC
2849029,,EPAGRI-SC
2849035,,CPRM-SUREG-PA
2850002,,CPRM-SUREG-PA
2850009,,CPRM-SUREG-PA
2850016,,CPRM-SUREG-PA
2850019,,CPRM-SUREG-PA
2850020,,CPRM-SUREG-PA
2851003,,CPRM-SUREG-PA
2851010,,CPRM-SUREG-PA
2851020,,CPRM-SUREG-PA
2851021,,CPRM-SUREG-PA
2851024,,CPRM-SUREG-PA
2851028,,CPRM-SUREG-PA
2851043,,CPRM-SUREG-PA
2851044,,CPRM-SUREG-PA
2851050,,CPRM-SUREG-PA
2851051,,CPRM-SUREG-PA
2851052,,CPRM-SUREG-PA
2851073,,CPRM-SUREG-PA
2852004,,CPRM-SUREG-PA
2852006,,CPRM-SUREG-PA
2852007,,CPRM-SUREG-PA
2852009,,CPRM-SUREG-PA
2852014,,CPRM-SUREG-PA
2852024,,CPRM-SUREG-PA
2852031,,CPRM-SUREG-PA
2852046,,CPRM-SUREG-PA
2852050,,CPRM-SUREG-PA
2852052,,CPRM-SUREG-PA
2852053,,CPRM-SUREG-PA
2852054,,CPRM-SUREG-PA
2853014,,CPRM-SUREG-PA
2853015,,CPRM-SUREG-PA
2853023,,CPRM-SUREG-PA
2853026,,CPRM-SUREG-PA
2853028,,CPRM-SUREG-PA
2853033,,CPRM-SUREG-PA
2853034,,CPRM-SUREG-PA
2853035,,CPRM-SUREG-PA
2853037,,CPRM-SUREG-PA
2853040,,CPRM-SUREG-PA
2854001,,CPRM-SUREG-PA
2854003,,CPRM-SUREG-PA
2854005,,CPRM-SUREG-PA
2854006,,CPRM-SUREG-PA
2854012,,CPRM-SUREG-PA
2854013,,CPRM-SUREG-PA
2854018,,CPRM-SUREG-PA
2854033,,CPRM-SUREG-PA
2855005,,CPRM-SUREG-PA
2855007,,CPRM-SUREG-PA
2855008,,CPRM-SUREG-PA
2855012,,CPRM-SUREG-PA
2856007,,CPRM-SUREG-PA
2949003,,EPAGRI-SC
2950008,,CPRM-SUREG-PA
2950016,,CPRM-SUREG-PA
2950019,,CPRM-SUREG-PA
2950028,,CPRM-SUREG-PA
2950033,,CPRM-SUREG-PA
2950034,,CPRM-SUREG-PA
2950038,,CPRM-SUREG-PA
2950045,,CPRM-SUREG-PA
2950056,,CPRM-SUREG-PA
2950059,,CPRM-SUREG-PA
2950060,,CPRM-SUREG-PA
2950062,,CPRM-SUREG-PA
2950063,,CPRM-SUREG-PA
2951017,,CPRM-SUREG-PA
2951024,,CPRM-SUREG-PA
2951028,,CPRM-SUREG-PA
2951067,,CPRM-SUREG-PA
2951142,,CPRM-SUREG-PA
2952001,,CPRM-SUREG-PA
2952003,,CPRM-SUREG-PA
2952035,,CPRM-SUREG-PA
2952036,,CPRM-SUREG-PA
2952037,,CPRM-SUREG-PA
2952038,,CPRM-SUREG-PA
2953030,,CPRM-SUREG-PA
2953036,,CPRM-SUREG-PA
2954001,,CPRM-SUREG-PA
2954005,,CPRM-SUREG-PA
2954019,,CPRM-SUREG-PA
2954020,,CPRM-SUREG-PA
2954030,,CPRM-SUREG-PA
2954031,,CPRM-SUREG-PA
2954032,,CPRM-SUREG-PA
2954033,,CPRM-SUREG-PA
2955002,,CPRM-SUREG-PA
2955006,,CPRM-SUREG-PA
2955007,,CPRM-SUREG-PA
2955014,,CPRM-SUREG-PA
2955016,,CPRM-SUREG-PA
2955017,,CPRM-SUREG-PA
2956007,,CPRM-SUREG-PA
2956008,,CPRM-SUREG-PA
2956009,,CPRM-SUREG-PA
2957008,,CPRM-SUREG-PA
3050002,,CPRM-SUREG-PA
3050007,,CPRM-SUREG-PA
3050008,,CPRM-SUREG-PA
3050009,,CPRM-SUREG-PA
3050010,,CPRM-SUREG-PA
3051004,,CPRM-SUREG-PA
3051005,,CPRM-SUREG-PA
3051016,,CPRM-SUREG-PA
3051017,,CPRM-SUREG-PA
3051023,,CPRM-SUREG-PA
3051031,,CPRM-SUREG-PA
3051039,,CPRM-SUREG-PA
3051043,,CPRM-SUREG-PA
3052007,,CPRM-SUREG-PA
3052009,,CPRM-SUREG-PA
3052010,,CPRM-SUREG-PA
3052011,,CPRM-SUREG-PA
3052012,,CPRM-SUREG-PA
3052013,,CPRM-SUREG-PA
3052016,,CPRM-SUREG-PA
3052017,,CPRM-SUREG-PA
3053007,,CPRM-SUREG-PA
3053018,,CPRM-SUREG-PA
3053020,,CPRM-SUREG-PA
3053021,,CPRM-SUREG-PA
3053022,,CPRM-SUREG-PA
3053023,,CPRM-SUREG-PA
3053024,,CPRM-SUREG-PA
3053028,,CPRM-SUREG-PA
3054016,,CPRM-SUREG-PA
3054018,,CPRM-SUREG-PA
3054019,,CPRM-SUREG-PA
3054020,,CPRM-SUREG-PA
3054021,,CPRM-SUREG-PA
3055003,,CPRM-SUREG-PA
3055004,,CPRM-SUREG-PA
3055005,,CPRM-SUREG-PA
3055007,,CPRM-SUREG-PA
3055008,,CPRM-SUREG-PA
3055009,,CPRM-SUREG-PA
3055011,,CPRM-SUREG-PA
3056004,,CPRM-SUREG-PA
3056006,,CPRM-SUREG-PA
3056007,,CPRM-SUREG-PA
3056010,,CPRM-SUREG-PA
3151003,,CPRM-SUREG-PA
3151004,,CPRM-SUREG-PA
3152002,,CPRM-SUREG-PA
3152003,,CPRM-SUREG-PA
3152005,,CPRM-SUREG-PA
3152008,,CPRM-SUREG-PA
3153003,,CPRM-SUREG-PA
3153004,,CPRM-SUREG-PA
3153006,,CPRM-SUREG-PA
3153007,,CPRM-SUREG-PA
3153008,,CPRM-SUREG-PA
3153017,,CPRM-SUREG-PA
3153021,,CPRM-SUREG-PA
3153030,,CPRM-SUREG-PA
3154003,,CPRM-SUREG-PA
3154007,,CPRM-SUREG-PA
3154008,,CPRM-SUREG-PA
3155001,,CPRM-SUREG-PA
3252005,,CPRM-SUREG-PA
3252006,,CPRM-SUREG-PA
3252008,,CPRM-SUREG-PA
3252024,,CPRM-SUREG-PA
3252025,,CPRM-SUREG-PA
3253001,,CPRM-SUREG-PA
3253003,,CPRM-SUREG-PA
3253004,,CPRM-SUREG-PA
8050000,,CPRM-SUREG-BE
8050001,,CPRM-SUREG-BE
8051010,,CPRM-SUREG-BE
8051012,,CPRM-SUREG-BE
8051023,,CPRM-SUREG-BE
8059001,,CPRM-SUREG-MA
8059002,,CPRM-SUREG-MA
8059003,,CPRM-SUREG-MA
8066002,,CPRM-SUREG-MA
8067002,,CPRM-SUREG-MA
8067003,,CPRM-SUREG-MA
8069004,,CPRM-SUREG-MA
8069005,,CPRM-SUREG-MA
8150000,,CPRM-SUREG-BE
8151000,,CPRM-SUREG-BE
8160001,,CPRM-SUREG-MA
8160003,,CPRM-SUREG-MA
8168000,,CPRM-SUREG-MA
8250002,,CPRM-SUREG-BE
8250003,,CPRM-SUREG-BE
8251003,,CPRM-SUREG-BE
8260002,,CPRM-SUREG-MA
8260003,,CPRM-SUREG-MA
8260006,,CPRM-SUREG-MA
8261001,,CPRM-SUREG-MA
8261003,,CPRM-SUREG-MA
8351002,,CPRM-SUREG-BE
8360006,,CPRM-SUREG-MA
8360007,,CPRM-SUREG-MA
8361000,,CPRM-SUREG-MA
8361001,,CPRM-SUREG-MA
8361004,,CPRM-SUREG-MA
8361005,,CPRM-SUREG-MA
8459000,,CPRM-SUREG-MA
8460004,,CPRM-SUREG-MA
8461000,,CPRM-SUREG-MA
